"species","Type","Reitur","km","Fluor","Brennisteinn","Stadur","Mynd","Year","Value","PointType"
"Andreaea rupestris","Mosar","R3",1.4,1,1,"Stekkjarás","7. mynd",2020,10,"Innan þynningarsvæðis flúors"
"Andreaea rupestris","Mosar","R3",1.4,1,1,"Stekkjarás","7. mynd",2023,12,"Innan þynningarsvæðis flúors"
"Racomitrium lanuginosum","Mosar","R3",1.4,1,1,"Stekkjarás","7. mynd",2020,4,"Innan þynningarsvæðis flúors"
"Racomitrium lanuginosum","Mosar","R3",1.4,1,1,"Stekkjarás","7. mynd",2023,5,"Innan þynningarsvæðis flúors"
"Racomitrium sudeticum","Mosar","R3",1.4,1,1,"Stekkjarás","7. mynd",2020,4,"Innan þynningarsvæðis flúors"
"Racomitrium sudeticum","Mosar","R3",1.4,1,1,"Stekkjarás","7. mynd",2023,4,"Innan þynningarsvæðis flúors"
"Mosi","Mosar","R3",1.4,1,1,"Stekkjarás","7. mynd",2023,1,"Innan þynningarsvæðis flúors"
"Cladonia borealis","Blað- og runnfléttur","R3",1.4,1,1,"Stekkjarás","7. mynd",2020,0.5,"Innan þynningarsvæðis flúors"
"Cladonia borealis","Blað- og runnfléttur","R3",1.4,1,1,"Stekkjarás","7. mynd",2023,1,"Innan þynningarsvæðis flúors"
"Sphaerophorus fragilis","Blað- og runnfléttur","R3",1.4,1,1,"Stekkjarás","7. mynd",2020,0.1,"Innan þynningarsvæðis flúors"
"Sphaerophorus fragilis","Blað- og runnfléttur","R3",1.4,1,1,"Stekkjarás","7. mynd",2023,0.5,"Innan þynningarsvæðis flúors"
"Stereocaulon vesuvianum","Blað- og runnfléttur","R3",1.4,1,1,"Stekkjarás","7. mynd",2020,17,"Innan þynningarsvæðis flúors"
"Stereocaulon vesuvianum","Blað- og runnfléttur","R3",1.4,1,1,"Stekkjarás","7. mynd",2023,17,"Innan þynningarsvæðis flúors"
"Umbilicaria torrefacta","Blað- og runnfléttur","R3",1.4,1,1,"Stekkjarás","7. mynd",2020,0.5,"Innan þynningarsvæðis flúors"
"Umbilicaria torrefacta","Blað- og runnfléttur","R3",1.4,1,1,"Stekkjarás","7. mynd",2023,0.1,"Innan þynningarsvæðis flúors"
"Andreaea rupestris","Mosar","R8",1.8,1,1,"Selás","11. mynd",2020,3,"Innan þynningarsvæðis flúors"
"Andreaea rupestris","Mosar","R8",1.8,1,1,"Selás","11. mynd",2023,2,"Innan þynningarsvæðis flúors"
"Grimmia montana","Mosar","R8",1.8,1,1,"Selás","11. mynd",2020,0.5,"Innan þynningarsvæðis flúors"
"Grimmia montana","Mosar","R8",1.8,1,1,"Selás","11. mynd",2023,0.5,"Innan þynningarsvæðis flúors"
"Racomitrium fasciculare","Mosar","R8",1.8,1,1,"Selás","11. mynd",2020,6,"Innan þynningarsvæðis flúors"
"Racomitrium fasciculare","Mosar","R8",1.8,1,1,"Selás","11. mynd",2023,7,"Innan þynningarsvæðis flúors"
"Racomitrium heterostichum","Mosar","R8",1.8,1,1,"Selás","11. mynd",2020,33,"Innan þynningarsvæðis flúors"
"Racomitrium heterostichum","Mosar","R8",1.8,1,1,"Selás","11. mynd",2023,31,"Innan þynningarsvæðis flúors"
"Stereocaulon vesuvianum","Blað- og runnfléttur","R8",1.8,1,1,"Selás","11. mynd",2020,0.5,"Innan þynningarsvæðis flúors"
"Stereocaulon vesuvianum","Blað- og runnfléttur","R8",1.8,1,1,"Selás","11. mynd",2023,0.5,"Innan þynningarsvæðis flúors"
"Umbilicaria proboscidea","Blað- og runnfléttur","R8",1.8,1,1,"Selás","11. mynd",2020,15,"Innan þynningarsvæðis flúors"
"Umbilicaria proboscidea","Blað- og runnfléttur","R8",1.8,1,1,"Selás","11. mynd",2023,12,"Innan þynningarsvæðis flúors"
"Andreaea rupestris","Mosar","R11",1.9,1,1,"Selás","11. mynd",2020,6,"Innan þynningarsvæðis flúors"
"Andreaea rupestris","Mosar","R11",1.9,1,1,"Selás","11. mynd",2023,3,"Innan þynningarsvæðis flúors"
"Grimmia montana","Mosar","R11",1.9,1,1,"Selás","11. mynd",2020,5,"Innan þynningarsvæðis flúors"
"Grimmia montana","Mosar","R11",1.9,1,1,"Selás","11. mynd",2023,1,"Innan þynningarsvæðis flúors"
"Racomitrium fasciculare","Mosar","R11",1.9,1,1,"Selás","11. mynd",2020,0.5,"Innan þynningarsvæðis flúors"
"Racomitrium fasciculare","Mosar","R11",1.9,1,1,"Selás","11. mynd",2023,1,"Innan þynningarsvæðis flúors"
"Racomitrium heterostichum","Mosar","R11",1.9,1,1,"Selás","11. mynd",2020,2,"Innan þynningarsvæðis flúors"
"Racomitrium heterostichum","Mosar","R11",1.9,1,1,"Selás","11. mynd",2023,3,"Innan þynningarsvæðis flúors"
"Cladonia borealis","Blað- og runnfléttur","R11",1.9,1,1,"Selás","11. mynd",2020,0.01,"Innan þynningarsvæðis flúors"
"Cladonia borealis","Blað- og runnfléttur","R11",1.9,1,1,"Selás","11. mynd",2023,0.1,"Innan þynningarsvæðis flúors"
"Stereocaulon vesuvianum","Blað- og runnfléttur","R11",1.9,1,1,"Selás","11. mynd",2020,0.1,"Innan þynningarsvæðis flúors"
"Parmelia saxatilis","Blað- og runnfléttur","R11",1.9,1,1,"Selás","11. mynd",2020,0.5,"Innan þynningarsvæðis flúors"
"Parmelia saxatilis","Blað- og runnfléttur","R11",1.9,1,1,"Selás","11. mynd",2023,2,"Innan þynningarsvæðis flúors"
"Andreaea rupestris","Mosar","R12",2,0,0,"Bjarnarholt","24. mynd",2023,0.5,"Utan þynningarsvæðis iðnaðarsvæðisins"
"Grimmia montana","Mosar","R12",2,0,0,"Bjarnarholt","24. mynd",2020,3,"Utan þynningarsvæðis iðnaðarsvæðisins"
"Grimmia montana","Mosar","R12",2,0,0,"Bjarnarholt","24. mynd",2023,4,"Utan þynningarsvæðis iðnaðarsvæðisins"
"Racomitrium fasciculare","Mosar","R12",2,0,0,"Bjarnarholt","24. mynd",2020,14,"Utan þynningarsvæðis iðnaðarsvæðisins"
"Racomitrium fasciculare","Mosar","R12",2,0,0,"Bjarnarholt","24. mynd",2023,13,"Utan þynningarsvæðis iðnaðarsvæðisins"
"Racomitrium sudeticum","Mosar","R12",2,0,0,"Bjarnarholt","24. mynd",2020,2,"Utan þynningarsvæðis iðnaðarsvæðisins"
"Racomitrium sudeticum","Mosar","R12",2,0,0,"Bjarnarholt","24. mynd",2023,4,"Utan þynningarsvæðis iðnaðarsvæðisins"
"mosi","Mosar","R12",2,0,0,"Bjarnarholt","24. mynd",2020,4,"Utan þynningarsvæðis iðnaðarsvæðisins"
"mosi","Mosar","R12",2,0,0,"Bjarnarholt","24. mynd",2023,0.5,"Utan þynningarsvæðis iðnaðarsvæðisins"
"Dauður mosi","Mosar","R12",2,0,0,"Bjarnarholt","24. mynd",2020,8,"Utan þynningarsvæðis iðnaðarsvæðisins"
"Dauður mosi","Mosar","R12",2,0,0,"Bjarnarholt","24. mynd",2023,2,"Utan þynningarsvæðis iðnaðarsvæðisins"
"Parmelia saxatilis","Blað- og runnfléttur","R12",2,0,0,"Bjarnarholt","24. mynd",2020,0.5,"Utan þynningarsvæðis iðnaðarsvæðisins"
"Parmelia saxatilis","Blað- og runnfléttur","R12",2,0,0,"Bjarnarholt","24. mynd",2023,0.5,"Utan þynningarsvæðis iðnaðarsvæðisins"
"Physcia caesia","Blað- og runnfléttur","R12",2,0,0,"Bjarnarholt","24. mynd",2020,1,"Utan þynningarsvæðis iðnaðarsvæðisins"
"Xanthoria candelaria","Blað- og runnfléttur","R12",2,0,0,"Bjarnarholt","24. mynd",2020,6,"Utan þynningarsvæðis iðnaðarsvæðisins"
"Xanthoria candelaria","Blað- og runnfléttur","R12",2,0,0,"Bjarnarholt","24. mynd",2023,4,"Utan þynningarsvæðis iðnaðarsvæðisins"
"Andreaea rupestris","Mosar","R13",2,0,0,"Bjarnarholt","24. mynd",2020,0.1,"Utan þynningarsvæðis iðnaðarsvæðisins"
"Andreaea rupestris","Mosar","R13",2,0,0,"Bjarnarholt","24. mynd",2023,0.5,"Utan þynningarsvæðis iðnaðarsvæðisins"
"Grimmia montana","Mosar","R13",2,0,0,"Bjarnarholt","24. mynd",2020,0.1,"Utan þynningarsvæðis iðnaðarsvæðisins"
"Grimmia montana","Mosar","R13",2,0,0,"Bjarnarholt","24. mynd",2023,2,"Utan þynningarsvæðis iðnaðarsvæðisins"
"Racomitrium heterostichum","Mosar","R13",2,0,0,"Bjarnarholt","24. mynd",2020,0.5,"Utan þynningarsvæðis iðnaðarsvæðisins"
"Racomitrium heterostichum","Mosar","R13",2,0,0,"Bjarnarholt","24. mynd",2023,0.1,"Utan þynningarsvæðis iðnaðarsvæðisins"
"Umbilicaria proboscidea","Blað- og runnfléttur","R13",2,0,0,"Bjarnarholt","24. mynd",2020,0.01,"Utan þynningarsvæðis iðnaðarsvæðisins"
"Umbilicaria torrefacta","Blað- og runnfléttur","R13",2,0,0,"Bjarnarholt","24. mynd",2020,0.1,"Utan þynningarsvæðis iðnaðarsvæðisins"
"Andreaea rupestris","Mosar","R14",2,0,0,"Bjarnarholt","24. mynd",2020,10,"Utan þynningarsvæðis iðnaðarsvæðisins"
"Andreaea rupestris","Mosar","R14",2,0,0,"Bjarnarholt","24. mynd",2023,8,"Utan þynningarsvæðis iðnaðarsvæðisins"
"Grimmia montana","Mosar","R14",2,0,0,"Bjarnarholt","24. mynd",2020,10,"Utan þynningarsvæðis iðnaðarsvæðisins"
"Grimmia montana","Mosar","R14",2,0,0,"Bjarnarholt","24. mynd",2023,7,"Utan þynningarsvæðis iðnaðarsvæðisins"
"Racomitrium sudeticum","Mosar","R14",2,0,0,"Bjarnarholt","24. mynd",2020,23,"Utan þynningarsvæðis iðnaðarsvæðisins"
"Racomitrium sudeticum","Mosar","R14",2,0,0,"Bjarnarholt","24. mynd",2023,22,"Utan þynningarsvæðis iðnaðarsvæðisins"
"Mosi (tekið sýni)","Mosar","R14",2,0,0,"Bjarnarholt","24. mynd",2020,3,"Utan þynningarsvæðis iðnaðarsvæðisins"
"Mosi (tekið sýni)","Mosar","R14",2,0,0,"Bjarnarholt","24. mynd",2023,6,"Utan þynningarsvæðis iðnaðarsvæðisins"
"Dauður mosi","Mosar","R14",2,0,0,"Bjarnarholt","24. mynd",2023,4,"Utan þynningarsvæðis iðnaðarsvæðisins"
"Stereocaulon vesuvianum","Blað- og runnfléttur","R14",2,0,0,"Bjarnarholt","24. mynd",2020,0.5,"Utan þynningarsvæðis iðnaðarsvæðisins"
"Stereocaulon vesuvianum","Blað- og runnfléttur","R14",2,0,0,"Bjarnarholt","24. mynd",2023,0.5,"Utan þynningarsvæðis iðnaðarsvæðisins"
"Physcia caesia","Blað- og runnfléttur","R15",,,,,,2023,1,"Utan þynningarsvæðis iðnaðarsvæðisins"
"Xanthoria candelaria","Blað- og runnfléttur","R15",,,,,,2023,25,"Utan þynningarsvæðis iðnaðarsvæðisins"
"Amphidium lapponicum","Mosar","R16",8.7,0,0,"Tíðaskarð","31. mynd",2020,1,"Utan þynningarsvæðis iðnaðarsvæðisins"
"Andreaea rupestris","Mosar","R16",8.7,0,0,"Tíðaskarð","31. mynd",2020,7,"Utan þynningarsvæðis iðnaðarsvæðisins"
"Andreaea rupestris","Mosar","R16",8.7,0,0,"Tíðaskarð","31. mynd",2023,12,"Utan þynningarsvæðis iðnaðarsvæðisins"
"Frullania tamarisci","Mosar","R16",8.7,0,0,"Tíðaskarð","31. mynd",2020,2,"Utan þynningarsvæðis iðnaðarsvæðisins"
"Frullania tamarisci","Mosar","R16",8.7,0,0,"Tíðaskarð","31. mynd",2023,3,"Utan þynningarsvæðis iðnaðarsvæðisins"
"Grimmia montana","Mosar","R16",8.7,0,0,"Tíðaskarð","31. mynd",2020,2,"Utan þynningarsvæðis iðnaðarsvæðisins"
"Racomitrium lanuginosum","Mosar","R16",8.7,0,0,"Tíðaskarð","31. mynd",2020,0.5,"Utan þynningarsvæðis iðnaðarsvæðisins"
"Mosi 3","Mosar","R16",8.7,0,0,"Tíðaskarð","31. mynd",2020,0.5,"Utan þynningarsvæðis iðnaðarsvæðisins"
"Mosi 3","Mosar","R16",8.7,0,0,"Tíðaskarð","31. mynd",2023,3,"Utan þynningarsvæðis iðnaðarsvæðisins"
"Mosi 4","Mosar","R16",8.7,0,0,"Tíðaskarð","31. mynd",2020,0.1,"Utan þynningarsvæðis iðnaðarsvæðisins"
"Mosi 4","Mosar","R16",8.7,0,0,"Tíðaskarð","31. mynd",2023,2,"Utan þynningarsvæðis iðnaðarsvæðisins"
"Mosi 5","Mosar","R16",8.7,0,0,"Tíðaskarð","31. mynd",2020,0.1,"Utan þynningarsvæðis iðnaðarsvæðisins"
"Cladonia chlorophaea","Blað- og runnfléttur","R16",8.7,0,0,"Tíðaskarð","31. mynd",2020,0.5,"Utan þynningarsvæðis iðnaðarsvæðisins"
"Cladonia chlorophaea","Blað- og runnfléttur","R16",8.7,0,0,"Tíðaskarð","31. mynd",2023,1,"Utan þynningarsvæðis iðnaðarsvæðisins"
"Parmelia saxatilis","Blað- og runnfléttur","R16",8.7,0,0,"Tíðaskarð","31. mynd",2020,10,"Utan þynningarsvæðis iðnaðarsvæðisins"
"Parmelia saxatilis","Blað- og runnfléttur","R16",8.7,0,0,"Tíðaskarð","31. mynd",2023,9,"Utan þynningarsvæðis iðnaðarsvæðisins"
"Andreaea rupestris","Mosar","R17",8.7,0,0,"Tíðaskarð","31. mynd",2020,2,"Utan þynningarsvæðis iðnaðarsvæðisins"
"Andreaea rupestris","Mosar","R17",8.7,0,0,"Tíðaskarð","31. mynd",2023,11,"Utan þynningarsvæðis iðnaðarsvæðisins"
"Schistidium papillosum","Mosar","R17",8.7,0,0,"Tíðaskarð","31. mynd",2020,0.5,"Utan þynningarsvæðis iðnaðarsvæðisins"
"Schistidium papillosum","Mosar","R17",8.7,0,0,"Tíðaskarð","31. mynd",2023,1,"Utan þynningarsvæðis iðnaðarsvæðisins"
"Cladonia sp","Blað- og runnfléttur","R17",8.7,0,0,"Tíðaskarð","31. mynd",2020,0.5,"Utan þynningarsvæðis iðnaðarsvæðisins"
"Parmelia omphalodes","Blað- og runnfléttur","R17",8.7,0,0,"Tíðaskarð","31. mynd",2020,68,"Utan þynningarsvæðis iðnaðarsvæðisins"
"Parmelia omphalodes","Blað- og runnfléttur","R17",8.7,0,0,"Tíðaskarð","31. mynd",2023,68,"Utan þynningarsvæðis iðnaðarsvæðisins"
"Sphaerophorus fragilis","Blað- og runnfléttur","R17",8.7,0,0,"Tíðaskarð","31. mynd",2020,6,"Utan þynningarsvæðis iðnaðarsvæðisins"
"Sphaerophorus fragilis","Blað- og runnfléttur","R17",8.7,0,0,"Tíðaskarð","31. mynd",2023,6,"Utan þynningarsvæðis iðnaðarsvæðisins"
"Stereocaulon vesuvianum","Blað- og runnfléttur","R17",8.7,0,0,"Tíðaskarð","31. mynd",2020,1,"Utan þynningarsvæðis iðnaðarsvæðisins"
"Stereocaulon vesuvianum","Blað- og runnfléttur","R17",8.7,0,0,"Tíðaskarð","31. mynd",2023,2,"Utan þynningarsvæðis iðnaðarsvæðisins"
"Andreaea rupestris","Mosar","R18",8.7,0,0,"Tíðaskarð","31. mynd",2020,7,"Utan þynningarsvæðis iðnaðarsvæðisins"
"Andreaea rupestris","Mosar","R18",8.7,0,0,"Tíðaskarð","31. mynd",2023,11,"Utan þynningarsvæðis iðnaðarsvæðisins"
"Frullania tamarisci","Mosar","R18",8.7,0,0,"Tíðaskarð","31. mynd",2020,3,"Utan þynningarsvæðis iðnaðarsvæðisins"
"Frullania tamarisci","Mosar","R18",8.7,0,0,"Tíðaskarð","31. mynd",2023,1,"Utan þynningarsvæðis iðnaðarsvæðisins"
"Grimmia funalis","Mosar","R18",8.7,0,0,"Tíðaskarð","31. mynd",2020,1,"Utan þynningarsvæðis iðnaðarsvæðisins"
"Grimmia funalis","Mosar","R18",8.7,0,0,"Tíðaskarð","31. mynd",2023,5,"Utan þynningarsvæðis iðnaðarsvæðisins"
"Pogonatum urnigerum","Mosar","R18",8.7,0,0,"Tíðaskarð","31. mynd",2020,0.5,"Utan þynningarsvæðis iðnaðarsvæðisins"
"Pogonatum urnigerum","Mosar","R18",8.7,0,0,"Tíðaskarð","31. mynd",2023,0.5,"Utan þynningarsvæðis iðnaðarsvæðisins"
"Racomitrium fasciculare","Mosar","R18",8.7,0,0,"Tíðaskarð","31. mynd",2020,3,"Utan þynningarsvæðis iðnaðarsvæðisins"
"Racomitrium fasciculare","Mosar","R18",8.7,0,0,"Tíðaskarð","31. mynd",2023,5,"Utan þynningarsvæðis iðnaðarsvæðisins"
"Racomitrium heterostichum","Mosar","R18",8.7,0,0,"Tíðaskarð","31. mynd",2020,3,"Utan þynningarsvæðis iðnaðarsvæðisins"
"Racomitrium heterostichum","Mosar","R18",8.7,0,0,"Tíðaskarð","31. mynd",2023,8,"Utan þynningarsvæðis iðnaðarsvæðisins"
"Racomitrium lanuginosum","Mosar","R18",8.7,0,0,"Tíðaskarð","31. mynd",2020,6,"Utan þynningarsvæðis iðnaðarsvæðisins"
"Cladonia borealis","Blað- og runnfléttur","R18",8.7,0,0,"Tíðaskarð","31. mynd",2020,0.5,"Utan þynningarsvæðis iðnaðarsvæðisins"
"Parmelia omphalodes","Blað- og runnfléttur","R18",8.7,0,0,"Tíðaskarð","31. mynd",2020,13,"Utan þynningarsvæðis iðnaðarsvæðisins"
"Parmelia omphalodes","Blað- og runnfléttur","R18",8.7,0,0,"Tíðaskarð","31. mynd",2023,14,"Utan þynningarsvæðis iðnaðarsvæðisins"
"Sphaerophorus fragilis","Blað- og runnfléttur","R18",8.7,0,0,"Tíðaskarð","31. mynd",2020,0.5,"Utan þynningarsvæðis iðnaðarsvæðisins"
"Stereocaulon vesuvianum","Blað- og runnfléttur","R18",8.7,0,0,"Tíðaskarð","31. mynd",2020,0.5,"Utan þynningarsvæðis iðnaðarsvæðisins"
"Stereocaulon vesuvianum","Blað- og runnfléttur","R18",8.7,0,0,"Tíðaskarð","31. mynd",2023,1,"Utan þynningarsvæðis iðnaðarsvæðisins"
"Umbilicaria torrefacta","Blað- og runnfléttur","R18",8.7,0,0,"Tíðaskarð","31. mynd",2023,0.5,"Utan þynningarsvæðis iðnaðarsvæðisins"
"Amphidium lapponicum","Mosar","R19",3.9,0,0,"Ofan Hvalfjarðareyrar","28. mynd",2020,0.1,"Utan þynningarsvæðis iðnaðarsvæðisins"
"Amphidium lapponicum","Mosar","R19",3.9,0,0,"Ofan Hvalfjarðareyrar","28. mynd",2023,0.1,"Utan þynningarsvæðis iðnaðarsvæðisins"
"Andreaea rupestris","Mosar","R20",3.9,0,0,"Ofan Hvalfjarðareyrar","28. mynd",2020,6,"Utan þynningarsvæðis iðnaðarsvæðisins"
"Andreaea rupestris","Mosar","R20",3.9,0,0,"Ofan Hvalfjarðareyrar","28. mynd",2023,11,"Utan þynningarsvæðis iðnaðarsvæðisins"
"Frullania tamarisci","Mosar","R20",3.9,0,0,"Ofan Hvalfjarðareyrar","28. mynd",2020,1,"Utan þynningarsvæðis iðnaðarsvæðisins"
"Frullania tamarisci","Mosar","R20",3.9,0,0,"Ofan Hvalfjarðareyrar","28. mynd",2023,2,"Utan þynningarsvæðis iðnaðarsvæðisins"
"Racomitrium fasciculare","Mosar","R20",3.9,0,0,"Ofan Hvalfjarðareyrar","28. mynd",2020,0.5,"Utan þynningarsvæðis iðnaðarsvæðisins"
"Racomitrium fasciculare","Mosar","R20",3.9,0,0,"Ofan Hvalfjarðareyrar","28. mynd",2023,2,"Utan þynningarsvæðis iðnaðarsvæðisins"
"Racomitrium lanuginosum","Mosar","R20",3.9,0,0,"Ofan Hvalfjarðareyrar","28. mynd",2020,0.1,"Utan þynningarsvæðis iðnaðarsvæðisins"
"Racomitrium lanuginosum","Mosar","R20",3.9,0,0,"Ofan Hvalfjarðareyrar","28. mynd",2023,0.5,"Utan þynningarsvæðis iðnaðarsvæðisins"
"Stereocaulon vesuvianum","Blað- og runnfléttur","R20",3.9,0,0,"Ofan Hvalfjarðareyrar","28. mynd",2020,0.5,"Utan þynningarsvæðis iðnaðarsvæðisins"
"Stereocaulon vesuvianum","Blað- og runnfléttur","R20",3.9,0,0,"Ofan Hvalfjarðareyrar","28. mynd",2023,0.5,"Utan þynningarsvæðis iðnaðarsvæðisins"
"Andreaea rupestris","Mosar","R21",20.9,0,0,"Hvalfjarðarbotn","36. mynd",2020,12,"Utan þynningarsvæðis iðnaðarsvæðisins"
"Andreaea rupestris","Mosar","R21",20.9,0,0,"Hvalfjarðarbotn","36. mynd",2023,17,"Utan þynningarsvæðis iðnaðarsvæðisins"
"Polytrichum alpinum","Mosar","R21",20.9,0,0,"Hvalfjarðarbotn","36. mynd",2020,0.5,"Utan þynningarsvæðis iðnaðarsvæðisins"
"Polytrichum alpinum","Mosar","R21",20.9,0,0,"Hvalfjarðarbotn","36. mynd",2023,2,"Utan þynningarsvæðis iðnaðarsvæðisins"
"Racomitrium fasciculare","Mosar","R21",20.9,0,0,"Hvalfjarðarbotn","36. mynd",2020,0.5,"Utan þynningarsvæðis iðnaðarsvæðisins"
"Racomitrium fasciculare","Mosar","R21",20.9,0,0,"Hvalfjarðarbotn","36. mynd",2023,1,"Utan þynningarsvæðis iðnaðarsvæðisins"
"Racomitrium lanuginosum","Mosar","R21",20.9,0,0,"Hvalfjarðarbotn","36. mynd",2020,1,"Utan þynningarsvæðis iðnaðarsvæðisins"
"Racomitrium lanuginosum","Mosar","R21",20.9,0,0,"Hvalfjarðarbotn","36. mynd",2023,2,"Utan þynningarsvæðis iðnaðarsvæðisins"
"Parmelia saxatilis","Blað- og runnfléttur","R21",20.9,0,0,"Hvalfjarðarbotn","36. mynd",2020,7,"Utan þynningarsvæðis iðnaðarsvæðisins"
"Parmelia saxatilis","Blað- og runnfléttur","R21",20.9,0,0,"Hvalfjarðarbotn","36. mynd",2023,10,"Utan þynningarsvæðis iðnaðarsvæðisins"
"Stereocaulon vesuvianum","Blað- og runnfléttur","R21",20.9,0,0,"Hvalfjarðarbotn","36. mynd",2020,1,"Utan þynningarsvæðis iðnaðarsvæðisins"
"Stereocaulon vesuvianum","Blað- og runnfléttur","R21",20.9,0,0,"Hvalfjarðarbotn","36. mynd",2023,2,"Utan þynningarsvæðis iðnaðarsvæðisins"
"Umbilicaria cylindrica","Blað- og runnfléttur","R21",20.9,0,0,"Hvalfjarðarbotn","36. mynd",2020,0.1,"Utan þynningarsvæðis iðnaðarsvæðisins"
"Umbilicaria cylindrica","Blað- og runnfléttur","R21",20.9,0,0,"Hvalfjarðarbotn","36. mynd",2023,0.1,"Utan þynningarsvæðis iðnaðarsvæðisins"
"Andreaea rupestris","Mosar","R22",20.9,0,0,"Hvalfjarðarbotn","36. mynd",2020,5,"Utan þynningarsvæðis iðnaðarsvæðisins"
"Andreaea rupestris","Mosar","R22",20.9,0,0,"Hvalfjarðarbotn","36. mynd",2023,7,"Utan þynningarsvæðis iðnaðarsvæðisins"
"Pogonatum urnigerum","Mosar","R22",20.9,0,0,"Hvalfjarðarbotn","36. mynd",2020,0.01,"Utan þynningarsvæðis iðnaðarsvæðisins"
"Racomitrium fasciculare","Mosar","R22",20.9,0,0,"Hvalfjarðarbotn","36. mynd",2020,1,"Utan þynningarsvæðis iðnaðarsvæðisins"
"Racomitrium fasciculare","Mosar","R22",20.9,0,0,"Hvalfjarðarbotn","36. mynd",2023,0.5,"Utan þynningarsvæðis iðnaðarsvæðisins"
"Racomitrium lanuginosum","Mosar","R22",20.9,0,0,"Hvalfjarðarbotn","36. mynd",2020,7,"Utan þynningarsvæðis iðnaðarsvæðisins"
"Racomitrium lanuginosum","Mosar","R22",20.9,0,0,"Hvalfjarðarbotn","36. mynd",2023,8,"Utan þynningarsvæðis iðnaðarsvæðisins"
"dauður mosi","Mosar","R22",20.9,0,0,"Hvalfjarðarbotn","36. mynd",2020,3,"Utan þynningarsvæðis iðnaðarsvæðisins"
"Andreaea rupestris","Mosar","R23",20.9,0,0,"Hvalfjarðarbotn","36. mynd",2020,9,"Utan þynningarsvæðis iðnaðarsvæðisins"
"Andreaea rupestris","Mosar","R23",20.9,0,0,"Hvalfjarðarbotn","36. mynd",2023,18,"Utan þynningarsvæðis iðnaðarsvæðisins"
"Grimmia donniana","Mosar","R23",20.9,0,0,"Hvalfjarðarbotn","36. mynd",2020,0.5,"Utan þynningarsvæðis iðnaðarsvæðisins"
"Grimmia donniana","Mosar","R23",20.9,0,0,"Hvalfjarðarbotn","36. mynd",2023,2,"Utan þynningarsvæðis iðnaðarsvæðisins"
"Pogonatum urnigerum","Mosar","R23",20.9,0,0,"Hvalfjarðarbotn","36. mynd",2020,0.5,"Utan þynningarsvæðis iðnaðarsvæðisins"
"Racomitrium fasciculare","Mosar","R23",20.9,0,0,"Hvalfjarðarbotn","36. mynd",2020,2,"Utan þynningarsvæðis iðnaðarsvæðisins"
"Racomitrium fasciculare","Mosar","R23",20.9,0,0,"Hvalfjarðarbotn","36. mynd",2023,2,"Utan þynningarsvæðis iðnaðarsvæðisins"
"Racomitrium lanuginosum","Mosar","R23",20.9,0,0,"Hvalfjarðarbotn","36. mynd",2020,11,"Utan þynningarsvæðis iðnaðarsvæðisins"
"Racomitrium lanuginosum","Mosar","R23",20.9,0,0,"Hvalfjarðarbotn","36. mynd",2023,13,"Utan þynningarsvæðis iðnaðarsvæðisins"
"Cladonia subcervicornis","Blað- og runnfléttur","R23",20.9,0,0,"Hvalfjarðarbotn","36. mynd",2020,12,"Utan þynningarsvæðis iðnaðarsvæðisins"
"Cladonia subcervicornis","Blað- og runnfléttur","R23",20.9,0,0,"Hvalfjarðarbotn","36. mynd",2023,12,"Utan þynningarsvæðis iðnaðarsvæðisins"
"Polychidium muscicola","Blað- og runnfléttur","R23",20.9,0,0,"Hvalfjarðarbotn","36. mynd",2020,0.5,"Utan þynningarsvæðis iðnaðarsvæðisins"
"Scytinium lichenoides","Blað- og runnfléttur","R23",20.9,0,0,"Hvalfjarðarbotn","36. mynd",2023,0.5,"Utan þynningarsvæðis iðnaðarsvæðisins"
"Umbilicaria cylindrica","Blað- og runnfléttur","R23",20.9,0,0,"Hvalfjarðarbotn","36. mynd",2023,0.1,"Utan þynningarsvæðis iðnaðarsvæðisins"
"Umbilicaria proboscidea","Blað- og runnfléttur","R23",20.9,0,0,"Hvalfjarðarbotn","36. mynd",2020,0.5,"Utan þynningarsvæðis iðnaðarsvæðisins"
"Umbilicaria proboscidea","Blað- og runnfléttur","R23",20.9,0,0,"Hvalfjarðarbotn","36. mynd",2023,0.5,"Utan þynningarsvæðis iðnaðarsvæðisins"
"Umbilicaria torrefacta","Blað- og runnfléttur","R23",20.9,0,0,"Hvalfjarðarbotn","36. mynd",2020,0.1,"Utan þynningarsvæðis iðnaðarsvæðisins"
"Umbilicaria torrefacta","Blað- og runnfléttur","R23",20.9,0,0,"Hvalfjarðarbotn","36. mynd",2023,0.5,"Utan þynningarsvæðis iðnaðarsvæðisins"
"Andreaea rupestris","Mosar","R24",6.9,0,0,"Skvöp","15. mynd",2020,13,"Utan þynningarsvæðis iðnaðarsvæðisins"
"Andreaea rupestris","Mosar","R24",6.9,0,0,"Skvöp","15. mynd",2023,12,"Utan þynningarsvæðis iðnaðarsvæðisins"
"Racomitrium fasciculare","Mosar","R24",6.9,0,0,"Skvöp","15. mynd",2020,10,"Utan þynningarsvæðis iðnaðarsvæðisins"
"Racomitrium fasciculare","Mosar","R24",6.9,0,0,"Skvöp","15. mynd",2023,11,"Utan þynningarsvæðis iðnaðarsvæðisins"
"Racomitrium lanuginosum","Mosar","R24",6.9,0,0,"Skvöp","15. mynd",2020,0.5,"Utan þynningarsvæðis iðnaðarsvæðisins"
"Racomitrium heterostichum","Mosar","R24",6.9,0,0,"Skvöp","15. mynd",2020,6,"Utan þynningarsvæðis iðnaðarsvæðisins"
"Racomitrium heterostichum","Mosar","R24",6.9,0,0,"Skvöp","15. mynd",2023,9,"Utan þynningarsvæðis iðnaðarsvæðisins"
"Racomitrium sudeticum","Mosar","R24",6.9,0,0,"Skvöp","15. mynd",2020,2,"Utan þynningarsvæðis iðnaðarsvæðisins"
"Andreaea rupestris","Mosar","R25",6.9,0,0,"Skvöp","15. mynd",2020,0.5,"Utan þynningarsvæðis iðnaðarsvæðisins"
"Andreaea rupestris","Mosar","R25",6.9,0,0,"Skvöp","15. mynd",2023,2,"Utan þynningarsvæðis iðnaðarsvæðisins"
"Grimmia sp.","Mosar","R25",6.9,0,0,"Skvöp","15. mynd",2020,0.1,"Utan þynningarsvæðis iðnaðarsvæðisins"
"Grimmia sp.","Mosar","R25",6.9,0,0,"Skvöp","15. mynd",2023,0.5,"Utan þynningarsvæðis iðnaðarsvæðisins"
"Racomitrium fasciculare","Mosar","R25",6.9,0,0,"Skvöp","15. mynd",2023,1,"Utan þynningarsvæðis iðnaðarsvæðisins"
"Racomitrium heterostichum","Mosar","R25",6.9,0,0,"Skvöp","15. mynd",2023,0.5,"Utan þynningarsvæðis iðnaðarsvæðisins"
"Andreaea rupestris","Mosar","R26",6.9,0,0,"Skvöp","15. mynd",2020,1,"Utan þynningarsvæðis iðnaðarsvæðisins"
"Andreaea rupestris","Mosar","R26",6.9,0,0,"Skvöp","15. mynd",2023,1,"Utan þynningarsvæðis iðnaðarsvæðisins"
"Hypnum","Mosar","R26",6.9,0,0,"Skvöp","15. mynd",2020,11,"Utan þynningarsvæðis iðnaðarsvæðisins"
"Hypnum","Mosar","R26",6.9,0,0,"Skvöp","15. mynd",2023,10,"Utan þynningarsvæðis iðnaðarsvæðisins"
"Polytrichum","Mosar","R26",6.9,0,0,"Skvöp","15. mynd",2020,4,"Utan þynningarsvæðis iðnaðarsvæðisins"
"Polytrichum","Mosar","R26",6.9,0,0,"Skvöp","15. mynd",2023,9,"Utan þynningarsvæðis iðnaðarsvæðisins"
"Racomitrium fasciculare","Mosar","R26",6.9,0,0,"Skvöp","15. mynd",2020,10,"Utan þynningarsvæðis iðnaðarsvæðisins"
"Racomitrium fasciculare","Mosar","R26",6.9,0,0,"Skvöp","15. mynd",2023,14,"Utan þynningarsvæðis iðnaðarsvæðisins"
"Racomitrium lanuginosum","Mosar","R26",6.9,0,0,"Skvöp","15. mynd",2020,0.5,"Utan þynningarsvæðis iðnaðarsvæðisins"
"Racomitrium sudeticum","Mosar","R26",6.9,0,0,"Skvöp","15. mynd",2020,0.5,"Utan þynningarsvæðis iðnaðarsvæðisins"
"Racomitrium sudeticum","Mosar","R26",6.9,0,0,"Skvöp","15. mynd",2023,1,"Utan þynningarsvæðis iðnaðarsvæðisins"
"Dauður mosi","Mosar","R26",6.9,0,0,"Skvöp","15. mynd",2023,4,"Utan þynningarsvæðis iðnaðarsvæðisins"
"Cladonia furcata","Blað- og runnfléttur","R26",6.9,0,0,"Skvöp","15. mynd",2023,0.1,"Utan þynningarsvæðis iðnaðarsvæðisins"
"Cladonia pocillum","Blað- og runnfléttur","R26",6.9,0,0,"Skvöp","15. mynd",2020,0.5,"Utan þynningarsvæðis iðnaðarsvæðisins"
"Cladonia pocillum","Blað- og runnfléttur","R26",6.9,0,0,"Skvöp","15. mynd",2023,1,"Utan þynningarsvæðis iðnaðarsvæðisins"
"Peltigera polydactylon","Blað- og runnfléttur","R26",6.9,0,0,"Skvöp","15. mynd",2020,0.5,"Utan þynningarsvæðis iðnaðarsvæðisins"
"Peltigera polydactylon","Blað- og runnfléttur","R26",6.9,0,0,"Skvöp","15. mynd",2023,3,"Utan þynningarsvæðis iðnaðarsvæðisins"
"Andreaea rupestris","Mosar","R27",2.7,0,1,"Langholt","12. mynd",2020,0.5,"Innan þynningarsvæðis brennisteins"
"Andreaea rupestris","Mosar","R27",2.7,0,1,"Langholt","12. mynd",2023,0.5,"Innan þynningarsvæðis brennisteins"
"Umbilicaria cylindrica","Blað- og runnfléttur","R27",2.7,0,1,"Langholt","12. mynd",2020,0.5,"Innan þynningarsvæðis brennisteins"
"Umbilicaria proboscidea","Blað- og runnfléttur","R27",2.7,0,1,"Langholt","12. mynd",2020,0.5,"Innan þynningarsvæðis brennisteins"
"Umbilicaria proboscidea","Blað- og runnfléttur","R27",2.7,0,1,"Langholt","12. mynd",2023,0.5,"Innan þynningarsvæðis brennisteins"
"Umbilicaria torrefacta","Blað- og runnfléttur","R27",2.7,0,1,"Langholt","12. mynd",2020,1,"Innan þynningarsvæðis brennisteins"
"Umbilicaria torrefacta","Blað- og runnfléttur","R27",2.7,0,1,"Langholt","12. mynd",2023,1,"Innan þynningarsvæðis brennisteins"
"Andreaea rupestris","Mosar","R30",3.2,0,0,"Álfholt","26. mynd",2020,2,"Utan þynningarsvæðis iðnaðarsvæðisins"
"Andreaea rupestris","Mosar","R30",3.2,0,0,"Álfholt","26. mynd",2023,2,"Utan þynningarsvæðis iðnaðarsvæðisins"
"Grimmia donniana","Mosar","R30",3.2,0,0,"Álfholt","26. mynd",2020,0.5,"Utan þynningarsvæðis iðnaðarsvæðisins"
"Grimmia donniana","Mosar","R30",3.2,0,0,"Álfholt","26. mynd",2023,1,"Utan þynningarsvæðis iðnaðarsvæðisins"
"Hypnum cupressiforme","Mosar","R30",3.2,0,0,"Álfholt","26. mynd",2020,3,"Utan þynningarsvæðis iðnaðarsvæðisins"
"Hypnum cupressiforme","Mosar","R30",3.2,0,0,"Álfholt","26. mynd",2023,4,"Utan þynningarsvæðis iðnaðarsvæðisins"
"Racomitrium heterostichum","Mosar","R30",3.2,0,0,"Álfholt","26. mynd",2020,1,"Utan þynningarsvæðis iðnaðarsvæðisins"
"Racomitrium heterostichum","Mosar","R30",3.2,0,0,"Álfholt","26. mynd",2023,0.5,"Utan þynningarsvæðis iðnaðarsvæðisins"
"Racomitrium lanuginosum","Mosar","R30",3.2,0,0,"Álfholt","26. mynd",2023,0.5,"Utan þynningarsvæðis iðnaðarsvæðisins"
"Racomitrium sudeticum","Mosar","R30",3.2,0,0,"Álfholt","26. mynd",2020,1,"Utan þynningarsvæðis iðnaðarsvæðisins"
"Racomitrium sudeticum","Mosar","R30",3.2,0,0,"Álfholt","26. mynd",2023,8,"Utan þynningarsvæðis iðnaðarsvæðisins"
"Stereocaulon vesuvianum","Blað- og runnfléttur","R30",3.2,0,0,"Álfholt","26. mynd",2020,0.5,"Utan þynningarsvæðis iðnaðarsvæðisins"
"Stereocaulon vesuvianum","Blað- og runnfléttur","R30",3.2,0,0,"Álfholt","26. mynd",2023,0.5,"Utan þynningarsvæðis iðnaðarsvæðisins"
"Umbilicaria cylindrica","Blað- og runnfléttur","R30",3.2,0,0,"Álfholt","26. mynd",2020,0.5,"Utan þynningarsvæðis iðnaðarsvæðisins"
"Umbilicaria proboscidea","Blað- og runnfléttur","R30",3.2,0,0,"Álfholt","26. mynd",2020,0.5,"Utan þynningarsvæðis iðnaðarsvæðisins"
"Umbilicaria proboscidea","Blað- og runnfléttur","R30",3.2,0,0,"Álfholt","26. mynd",2023,2,"Utan þynningarsvæðis iðnaðarsvæðisins"
"Andreaea rupestris","Mosar","R31",3.2,0,0,"Álfholt","26. mynd",2020,6,"Utan þynningarsvæðis iðnaðarsvæðisins"
"Andreaea rupestris","Mosar","R31",3.2,0,0,"Álfholt","26. mynd",2023,4,"Utan þynningarsvæðis iðnaðarsvæðisins"
"Grimmia donniana","Mosar","R31",3.2,0,0,"Álfholt","26. mynd",2020,1,"Utan þynningarsvæðis iðnaðarsvæðisins"
"Grimmia donniana","Mosar","R31",3.2,0,0,"Álfholt","26. mynd",2023,1,"Utan þynningarsvæðis iðnaðarsvæðisins"
"Polytrichum piliferum","Mosar","R31",3.2,0,0,"Álfholt","26. mynd",2023,0.1,"Utan þynningarsvæðis iðnaðarsvæðisins"
"Racomitrium fasciculare","Mosar","R31",3.2,0,0,"Álfholt","26. mynd",2020,1,"Utan þynningarsvæðis iðnaðarsvæðisins"
"Racomitrium fasciculare","Mosar","R31",3.2,0,0,"Álfholt","26. mynd",2023,5,"Utan þynningarsvæðis iðnaðarsvæðisins"
"Racomitrium lanuginosum","Mosar","R31",3.2,0,0,"Álfholt","26. mynd",2020,23,"Utan þynningarsvæðis iðnaðarsvæðisins"
"Racomitrium lanuginosum","Mosar","R31",3.2,0,0,"Álfholt","26. mynd",2023,24,"Utan þynningarsvæðis iðnaðarsvæðisins"
"Racomitrium sudeticum","Mosar","R31",3.2,0,0,"Álfholt","26. mynd",2020,11,"Utan þynningarsvæðis iðnaðarsvæðisins"
"Racomitrium sudeticum","Mosar","R31",3.2,0,0,"Álfholt","26. mynd",2023,13,"Utan þynningarsvæðis iðnaðarsvæðisins"
"Cladonia borealis","Blað- og runnfléttur","R31",3.2,0,0,"Álfholt","26. mynd",2020,0.1,"Utan þynningarsvæðis iðnaðarsvæðisins"
"Cladonia borealis","Blað- og runnfléttur","R31",3.2,0,0,"Álfholt","26. mynd",2023,0.5,"Utan þynningarsvæðis iðnaðarsvæðisins"
"Stereocaulon vesuvianum","Blað- og runnfléttur","R31",3.2,0,0,"Álfholt","26. mynd",2020,1,"Utan þynningarsvæðis iðnaðarsvæðisins"
"Stereocaulon vesuvianum","Blað- og runnfléttur","R31",3.2,0,0,"Álfholt","26. mynd",2023,1,"Utan þynningarsvæðis iðnaðarsvæðisins"
"Umbilicaria proboscidea","Blað- og runnfléttur","R31",3.2,0,0,"Álfholt","26. mynd",2020,1,"Utan þynningarsvæðis iðnaðarsvæðisins"
"Umbilicaria proboscidea","Blað- og runnfléttur","R31",3.2,0,0,"Álfholt","26. mynd",2023,1,"Utan þynningarsvæðis iðnaðarsvæðisins"
"Bartramia ithyphylla","Mosar","R32",3.2,0,0,"Álfholt","26. mynd",2020,1,"Utan þynningarsvæðis iðnaðarsvæðisins"
"Bartramia ithyphylla","Mosar","R32",3.2,0,0,"Álfholt","26. mynd",2023,1,"Utan þynningarsvæðis iðnaðarsvæðisins"
"Hypnum cupressiforme","Mosar","R32",3.2,0,0,"Álfholt","26. mynd",2020,35,"Utan þynningarsvæðis iðnaðarsvæðisins"
"Hypnum cupressiforme","Mosar","R32",3.2,0,0,"Álfholt","26. mynd",2023,47,"Utan þynningarsvæðis iðnaðarsvæðisins"
"Schistidium flexipile","Mosar","R32",3.2,0,0,"Álfholt","26. mynd",2020,0.5,"Utan þynningarsvæðis iðnaðarsvæðisins"
"Schistidium flexipile","Mosar","R32",3.2,0,0,"Álfholt","26. mynd",2023,0.5,"Utan þynningarsvæðis iðnaðarsvæðisins"
"Tortula subulata","Mosar","R32",3.2,0,0,"Álfholt","26. mynd",2020,0.5,"Utan þynningarsvæðis iðnaðarsvæðisins"
"Grimmia montana","Mosar","R33",1.4,1,1,"Stekkjarás","7. mynd",2020,0.5,"Innan þynningarsvæðis flúors"
"Grimmia montana","Mosar","R33",1.4,1,1,"Stekkjarás","7. mynd",2023,0.5,"Innan þynningarsvæðis flúors"
"mosi","Mosar","R33",1.4,1,1,"Stekkjarás","7. mynd",2020,0.5,"Innan þynningarsvæðis flúors"
"mosi","Mosar","R33",1.4,1,1,"Stekkjarás","7. mynd",2023,0.5,"Innan þynningarsvæðis flúors"
"Parmelia saxatilis","Blað- og runnfléttur","R33",1.4,1,1,"Stekkjarás","7. mynd",2020,53,"Innan þynningarsvæðis flúors"
"Parmelia saxatilis","Blað- og runnfléttur","R33",1.4,1,1,"Stekkjarás","7. mynd",2023,50,"Innan þynningarsvæðis flúors"
"Ramalina subfarinacea","Blað- og runnfléttur","R33",1.4,1,1,"Stekkjarás","7. mynd",2020,15,"Innan þynningarsvæðis flúors"
"Ramalina subfarinacea","Blað- og runnfléttur","R33",1.4,1,1,"Stekkjarás","7. mynd",2023,17,"Innan þynningarsvæðis flúors"
"Andreaea rupestris","Mosar","R34",1.5,1,1,"Stekkjarás","7. mynd",2020,5,"Innan þynningarsvæðis flúors"
"Andreaea rupestris","Mosar","R34",1.5,1,1,"Stekkjarás","7. mynd",2023,6,"Innan þynningarsvæðis flúors"
"Racomitrium fasciculare","Mosar","R34",1.5,1,1,"Stekkjarás","7. mynd",2020,2,"Innan þynningarsvæðis flúors"
"Racomitrium fasciculare","Mosar","R34",1.5,1,1,"Stekkjarás","7. mynd",2023,1,"Innan þynningarsvæðis flúors"
"Sphaerophorus fragilis","Blað- og runnfléttur","R34",1.5,1,1,"Stekkjarás","7. mynd",2023,0.5,"Innan þynningarsvæðis flúors"
"Stereocaulon vesuvianum","Blað- og runnfléttur","R34",1.5,1,1,"Stekkjarás","7. mynd",2020,25,"Innan þynningarsvæðis flúors"
"Stereocaulon vesuvianum","Blað- og runnfléttur","R34",1.5,1,1,"Stekkjarás","7. mynd",2023,21,"Innan þynningarsvæðis flúors"
"Andreaea rupestris","Mosar","R35",1.5,1,1,"Stekkjarás","7. mynd",2020,1,"Innan þynningarsvæðis flúors"
"Andreaea rupestris","Mosar","R35",1.5,1,1,"Stekkjarás","7. mynd",2023,1,"Innan þynningarsvæðis flúors"
"Racomitrium heterostichum","Mosar","R35",1.5,1,1,"Stekkjarás","7. mynd",2020,1,"Innan þynningarsvæðis flúors"
"Racomitrium sudeticum","Mosar","R35",1.5,1,1,"Stekkjarás","7. mynd",2020,12,"Innan þynningarsvæðis flúors"
"Racomitrium sudeticum","Mosar","R35",1.5,1,1,"Stekkjarás","7. mynd",2023,17,"Innan þynningarsvæðis flúors"
"Stereocaulon vesuvianum","Blað- og runnfléttur","R35",1.5,1,1,"Stekkjarás","7. mynd",2020,0.5,"Innan þynningarsvæðis flúors"
"Stereocaulon vesuvianum","Blað- og runnfléttur","R35",1.5,1,1,"Stekkjarás","7. mynd",2023,0.5,"Innan þynningarsvæðis flúors"
"Umbilicaria cylindrica","Blað- og runnfléttur","R35",1.5,1,1,"Stekkjarás","7. mynd",2020,10,"Innan þynningarsvæðis flúors"
"Umbilicaria cylindrica","Blað- og runnfléttur","R35",1.5,1,1,"Stekkjarás","7. mynd",2023,17,"Innan þynningarsvæðis flúors"
"Umbilicaria proboscidea","Blað- og runnfléttur","R35",1.5,1,1,"Stekkjarás","7. mynd",2020,0.1,"Innan þynningarsvæðis flúors"
"Andreaea rupestris","Mosar","R36",3,0,0,"Kalmansá","20. mynd",2020,0.5,"Utan þynningarsvæðis iðnaðarsvæðisins"
"Andreaea rupestris","Mosar","R36",3,0,0,"Kalmansá","20. mynd",2023,0.5,"Utan þynningarsvæðis iðnaðarsvæðisins"
"Grimmia montana","Mosar","R36",3,0,0,"Kalmansá","20. mynd",2020,8,"Utan þynningarsvæðis iðnaðarsvæðisins"
"Grimmia montana","Mosar","R36",3,0,0,"Kalmansá","20. mynd",2023,11,"Utan þynningarsvæðis iðnaðarsvæðisins"
"Hypnum cupressiforme","Mosar","R36",3,0,0,"Kalmansá","20. mynd",2020,3,"Utan þynningarsvæðis iðnaðarsvæðisins"
"Hypnum cupressiforme","Mosar","R36",3,0,0,"Kalmansá","20. mynd",2023,3,"Utan þynningarsvæðis iðnaðarsvæðisins"
"Racomitrium heterostichum","Mosar","R36",3,0,0,"Kalmansá","20. mynd",2020,3,"Utan þynningarsvæðis iðnaðarsvæðisins"
"Racomitrium heterostichum","Mosar","R36",3,0,0,"Kalmansá","20. mynd",2023,1,"Utan þynningarsvæðis iðnaðarsvæðisins"
"Physcia caesia","Blað- og runnfléttur","R36",3,0,0,"Kalmansá","20. mynd",2020,0.5,"Utan þynningarsvæðis iðnaðarsvæðisins"
"Physcia caesia","Blað- og runnfléttur","R36",3,0,0,"Kalmansá","20. mynd",2023,0.5,"Utan þynningarsvæðis iðnaðarsvæðisins"
"Andreaea rupestris","Mosar","R37",3,0,0,"Kalmansá","20. mynd",2020,0.5,"Utan þynningarsvæðis iðnaðarsvæðisins"
"Grimmia montana","Mosar","R37",3,0,0,"Kalmansá","20. mynd",2020,3,"Utan þynningarsvæðis iðnaðarsvæðisins"
"Grimmia montana","Mosar","R37",3,0,0,"Kalmansá","20. mynd",2023,3,"Utan þynningarsvæðis iðnaðarsvæðisins"
"Hypnum cupressiforme","Mosar","R37",3,0,0,"Kalmansá","20. mynd",2020,16,"Utan þynningarsvæðis iðnaðarsvæðisins"
"Hypnum cupressiforme","Mosar","R37",3,0,0,"Kalmansá","20. mynd",2023,24,"Utan þynningarsvæðis iðnaðarsvæðisins"
"Pogonatum urnigerum","Mosar","R37",3,0,0,"Kalmansá","20. mynd",2023,0.5,"Utan þynningarsvæðis iðnaðarsvæðisins"
"Racomitrium fasciculare","Mosar","R37",3,0,0,"Kalmansá","20. mynd",2020,2,"Utan þynningarsvæðis iðnaðarsvæðisins"
"Racomitrium fasciculare","Mosar","R37",3,0,0,"Kalmansá","20. mynd",2023,1,"Utan þynningarsvæðis iðnaðarsvæðisins"
"Andreaea rupestris","Mosar","R38",3,0,0,"Kalmansá","20. mynd",2020,0.5,"Utan þynningarsvæðis iðnaðarsvæðisins"
"Andreaea rupestris","Mosar","R38",3,0,0,"Kalmansá","20. mynd",2023,2,"Utan þynningarsvæðis iðnaðarsvæðisins"
"Grimmia montana","Mosar","R38",3,0,0,"Kalmansá","20. mynd",2020,7,"Utan þynningarsvæðis iðnaðarsvæðisins"
"Grimmia montana","Mosar","R38",3,0,0,"Kalmansá","20. mynd",2023,10,"Utan þynningarsvæðis iðnaðarsvæðisins"
"Hypnum cupressiforme","Mosar","R38",3,0,0,"Kalmansá","20. mynd",2020,11,"Utan þynningarsvæðis iðnaðarsvæðisins"
"Hypnum cupressiforme","Mosar","R38",3,0,0,"Kalmansá","20. mynd",2023,11,"Utan þynningarsvæðis iðnaðarsvæðisins"
"Racomitrium heterostichum","Mosar","R38",3,0,0,"Kalmansá","20. mynd",2020,0.5,"Utan þynningarsvæðis iðnaðarsvæðisins"
"Physcia caesia","Blað- og runnfléttur","R38",3,0,0,"Kalmansá","20. mynd",2020,1,"Utan þynningarsvæðis iðnaðarsvæðisins"
"Physcia caesia","Blað- og runnfléttur","R38",3,0,0,"Kalmansá","20. mynd",2023,1,"Utan þynningarsvæðis iðnaðarsvæðisins"
"Andreaea rupestris","Mosar","R39",5.7,0,0,"Beitistaðaholt","27. mynd",2023,0.1,"Utan þynningarsvæðis iðnaðarsvæðisins"
"Grimmia montana","Mosar","R39",5.7,0,0,"Beitistaðaholt","27. mynd",2023,0.5,"Utan þynningarsvæðis iðnaðarsvæðisins"
"Parmelia omphalodes","Blað- og runnfléttur","R39",5.7,0,0,"Beitistaðaholt","27. mynd",2020,73,"Utan þynningarsvæðis iðnaðarsvæðisins"
"Parmelia omphalodes","Blað- og runnfléttur","R39",5.7,0,0,"Beitistaðaholt","27. mynd",2023,75,"Utan þynningarsvæðis iðnaðarsvæðisins"
"Andreaea rupestris","Mosar","R40",5.7,0,0,"Beitistaðaholt","27. mynd",2020,24,"Utan þynningarsvæðis iðnaðarsvæðisins"
"Andreaea rupestris","Mosar","R40",5.7,0,0,"Beitistaðaholt","27. mynd",2023,20,"Utan þynningarsvæðis iðnaðarsvæðisins"
"Grimmia montana","Mosar","R40",5.7,0,0,"Beitistaðaholt","27. mynd",2020,1,"Utan þynningarsvæðis iðnaðarsvæðisins"
"Grimmia montana","Mosar","R40",5.7,0,0,"Beitistaðaholt","27. mynd",2023,1,"Utan þynningarsvæðis iðnaðarsvæðisins"
"Racomitrium fasciculare","Mosar","R40",5.7,0,0,"Beitistaðaholt","27. mynd",2023,2,"Utan þynningarsvæðis iðnaðarsvæðisins"
"Racomitrium heterostichum","Mosar","R40",5.7,0,0,"Beitistaðaholt","27. mynd",2020,3,"Utan þynningarsvæðis iðnaðarsvæðisins"
"Racomitrium heterostichum","Mosar","R40",5.7,0,0,"Beitistaðaholt","27. mynd",2023,4,"Utan þynningarsvæðis iðnaðarsvæðisins"
"Racomitrium lanuginosum","Mosar","R40",5.7,0,0,"Beitistaðaholt","27. mynd",2020,2,"Utan þynningarsvæðis iðnaðarsvæðisins"
"Racomitrium lanuginosum","Mosar","R40",5.7,0,0,"Beitistaðaholt","27. mynd",2023,7,"Utan þynningarsvæðis iðnaðarsvæðisins"
"Racomitrium sudeticum","Mosar","R40",5.7,0,0,"Beitistaðaholt","27. mynd",2020,3,"Utan þynningarsvæðis iðnaðarsvæðisins"
"Racomitrium sudeticum","Mosar","R40",5.7,0,0,"Beitistaðaholt","27. mynd",2023,5,"Utan þynningarsvæðis iðnaðarsvæðisins"
"Ephebe lanata","Blað- og runnfléttur","R40",5.7,0,0,"Beitistaðaholt","27. mynd",2023,1,"Utan þynningarsvæðis iðnaðarsvæðisins"
"Stereocaulon vesuvianum","Blað- og runnfléttur","R40",5.7,0,0,"Beitistaðaholt","27. mynd",2020,12,"Utan þynningarsvæðis iðnaðarsvæðisins"
"Stereocaulon vesuvianum","Blað- og runnfléttur","R40",5.7,0,0,"Beitistaðaholt","27. mynd",2023,10,"Utan þynningarsvæðis iðnaðarsvæðisins"
"Andreaea rupestris","Mosar","R41",5.7,0,0,"Beitistaðaholt","27. mynd",2020,3,"Utan þynningarsvæðis iðnaðarsvæðisins"
"Andreaea rupestris","Mosar","R41",5.7,0,0,"Beitistaðaholt","27. mynd",2023,4,"Utan þynningarsvæðis iðnaðarsvæðisins"
"Grimmia montana","Mosar","R41",5.7,0,0,"Beitistaðaholt","27. mynd",2020,0.5,"Utan þynningarsvæðis iðnaðarsvæðisins"
"Racomitrium fasciculare","Mosar","R41",5.7,0,0,"Beitistaðaholt","27. mynd",2020,10,"Utan þynningarsvæðis iðnaðarsvæðisins"
"Racomitrium fasciculare","Mosar","R41",5.7,0,0,"Beitistaðaholt","27. mynd",2023,17,"Utan þynningarsvæðis iðnaðarsvæðisins"
"Racomitrium heterostichum","Mosar","R41",5.7,0,0,"Beitistaðaholt","27. mynd",2020,21,"Utan þynningarsvæðis iðnaðarsvæðisins"
"Racomitrium heterostichum","Mosar","R41",5.7,0,0,"Beitistaðaholt","27. mynd",2023,30,"Utan þynningarsvæðis iðnaðarsvæðisins"
"Racomitrium lanuginosum","Mosar","R41",5.7,0,0,"Beitistaðaholt","27. mynd",2020,1,"Utan þynningarsvæðis iðnaðarsvæðisins"
"Racomitrium lanuginosum","Mosar","R41",5.7,0,0,"Beitistaðaholt","27. mynd",2023,1,"Utan þynningarsvæðis iðnaðarsvæðisins"
"Mosi 3","Mosar","R41",5.7,0,0,"Beitistaðaholt","27. mynd",2020,0.15,"Utan þynningarsvæðis iðnaðarsvæðisins"
"Stereocaulon vesuvianum","Blað- og runnfléttur","R41",5.7,0,0,"Beitistaðaholt","27. mynd",2020,0.5,"Utan þynningarsvæðis iðnaðarsvæðisins"
"Stereocaulon vesuvianum","Blað- og runnfléttur","R41",5.7,0,0,"Beitistaðaholt","27. mynd",2023,1,"Utan þynningarsvæðis iðnaðarsvæðisins"
"Umbilicaria proboscidea","Blað- og runnfléttur","R41",5.7,0,0,"Beitistaðaholt","27. mynd",2020,0.1,"Utan þynningarsvæðis iðnaðarsvæðisins"
"Umbilicaria torrefacta","Blað- og runnfléttur","R41",5.7,0,0,"Beitistaðaholt","27. mynd",2020,6,"Utan þynningarsvæðis iðnaðarsvæðisins"
"Umbilicaria torrefacta","Blað- og runnfléttur","R41",5.7,0,0,"Beitistaðaholt","27. mynd",2023,6,"Utan þynningarsvæðis iðnaðarsvæðisins"
"Andreaea rupestris","Mosar","R42",16.1,0,0,"Hafnarbæli","34. mynd",2020,5,"Utan þynningarsvæðis iðnaðarsvæðisins"
"Andreaea rupestris","Mosar","R42",16.1,0,0,"Hafnarbæli","34. mynd",2023,4,"Utan þynningarsvæðis iðnaðarsvæðisins"
"Grimmia montana","Mosar","R42",16.1,0,0,"Hafnarbæli","34. mynd",2020,8,"Utan þynningarsvæðis iðnaðarsvæðisins"
"Grimmia montana","Mosar","R42",16.1,0,0,"Hafnarbæli","34. mynd",2023,10,"Utan þynningarsvæðis iðnaðarsvæðisins"
"Parmelia saxatilis","Blað- og runnfléttur","R42",16.1,0,0,"Hafnarbæli","34. mynd",2020,0.5,"Utan þynningarsvæðis iðnaðarsvæðisins"
"Parmelia saxatilis","Blað- og runnfléttur","R42",16.1,0,0,"Hafnarbæli","34. mynd",2023,1,"Utan þynningarsvæðis iðnaðarsvæðisins"
"Umbilicaria arctica","Blað- og runnfléttur","R42",16.1,0,0,"Hafnarbæli","34. mynd",2020,65,"Utan þynningarsvæðis iðnaðarsvæðisins"
"Umbilicaria arctica","Blað- og runnfléttur","R42",16.1,0,0,"Hafnarbæli","34. mynd",2023,52,"Utan þynningarsvæðis iðnaðarsvæðisins"
"Umbilicaria cylindrica","Blað- og runnfléttur","R42",16.1,0,0,"Hafnarbæli","34. mynd",2020,0.5,"Utan þynningarsvæðis iðnaðarsvæðisins"
"Umbilicaria cylindrica","Blað- og runnfléttur","R42",16.1,0,0,"Hafnarbæli","34. mynd",2023,0.1,"Utan þynningarsvæðis iðnaðarsvæðisins"
"Umbilicaria proboscidea","Blað- og runnfléttur","R42",16.1,0,0,"Hafnarbæli","34. mynd",2023,0.1,"Utan þynningarsvæðis iðnaðarsvæðisins"
"Umbilicaria torrefacta","Blað- og runnfléttur","R42",16.1,0,0,"Hafnarbæli","34. mynd",2020,0.5,"Utan þynningarsvæðis iðnaðarsvæðisins"
"Andreaea rupestris","Mosar","R43",16.1,0,0,"Hafnarbæli","34. mynd",2020,12,"Utan þynningarsvæðis iðnaðarsvæðisins"
"Andreaea rupestris","Mosar","R43",16.1,0,0,"Hafnarbæli","34. mynd",2023,22,"Utan þynningarsvæðis iðnaðarsvæðisins"
"Stereocaulon vesuvianum","Blað- og runnfléttur","R43",16.1,0,0,"Hafnarbæli","34. mynd",2020,4,"Utan þynningarsvæðis iðnaðarsvæðisins"
"Stereocaulon vesuvianum","Blað- og runnfléttur","R43",16.1,0,0,"Hafnarbæli","34. mynd",2023,4,"Utan þynningarsvæðis iðnaðarsvæðisins"
"Andreaea rupestris","Mosar","R44",16.1,0,0,"Hafnarbæli","34. mynd",2020,6,"Utan þynningarsvæðis iðnaðarsvæðisins"
"Andreaea rupestris","Mosar","R44",16.1,0,0,"Hafnarbæli","34. mynd",2023,10,"Utan þynningarsvæðis iðnaðarsvæðisins"
"Grimmia montana","Mosar","R44",16.1,0,0,"Hafnarbæli","34. mynd",2020,3,"Utan þynningarsvæðis iðnaðarsvæðisins"
"Grimmia montana","Mosar","R44",16.1,0,0,"Hafnarbæli","34. mynd",2023,3,"Utan þynningarsvæðis iðnaðarsvæðisins"
"Mosi 1","Mosar","R44",16.1,0,0,"Hafnarbæli","34. mynd",2020,0.5,"Utan þynningarsvæðis iðnaðarsvæðisins"
"Mosi 1","Mosar","R44",16.1,0,0,"Hafnarbæli","34. mynd",2023,0.5,"Utan þynningarsvæðis iðnaðarsvæðisins"
"Parmelia saxatilis","Blað- og runnfléttur","R44",16.1,0,0,"Hafnarbæli","34. mynd",2020,2,"Utan þynningarsvæðis iðnaðarsvæðisins"
"Parmelia saxatilis","Blað- og runnfléttur","R44",16.1,0,0,"Hafnarbæli","34. mynd",2023,5,"Utan þynningarsvæðis iðnaðarsvæðisins"
"Stereocaulon depressum","Blað- og runnfléttur","R44",16.1,0,0,"Hafnarbæli","34. mynd",2020,2,"Utan þynningarsvæðis iðnaðarsvæðisins"
"Stereocaulon depressum","Blað- og runnfléttur","R44",16.1,0,0,"Hafnarbæli","34. mynd",2023,2,"Utan þynningarsvæðis iðnaðarsvæðisins"
"Stereocaulon vesuvianum","Blað- og runnfléttur","R44",16.1,0,0,"Hafnarbæli","34. mynd",2020,0.5,"Utan þynningarsvæðis iðnaðarsvæðisins"
"Stereocaulon vesuvianum","Blað- og runnfléttur","R44",16.1,0,0,"Hafnarbæli","34. mynd",2023,0.5,"Utan þynningarsvæðis iðnaðarsvæðisins"
"Umbilicaria arctica","Blað- og runnfléttur","R44",16.1,0,0,"Hafnarbæli","34. mynd",2020,15,"Utan þynningarsvæðis iðnaðarsvæðisins"
"Umbilicaria arctica","Blað- og runnfléttur","R44",16.1,0,0,"Hafnarbæli","34. mynd",2023,17,"Utan þynningarsvæðis iðnaðarsvæðisins"
"Umbilicaria cylindrica","Blað- og runnfléttur","R44",16.1,0,0,"Hafnarbæli","34. mynd",2020,0.1,"Utan þynningarsvæðis iðnaðarsvæðisins"
"Umbilicaria proboscidea","Blað- og runnfléttur","R44",16.1,0,0,"Hafnarbæli","34. mynd",2020,1,"Utan þynningarsvæðis iðnaðarsvæðisins"
"Umbilicaria proboscidea","Blað- og runnfléttur","R44",16.1,0,0,"Hafnarbæli","34. mynd",2023,1,"Utan þynningarsvæðis iðnaðarsvæðisins"
"Umbilicaria torrefacta","Blað- og runnfléttur","R44",16.1,0,0,"Hafnarbæli","34. mynd",2020,0.5,"Utan þynningarsvæðis iðnaðarsvæðisins"
"Umbilicaria torrefacta","Blað- og runnfléttur","R44",16.1,0,0,"Hafnarbæli","34. mynd",2023,0.5,"Utan þynningarsvæðis iðnaðarsvæðisins"
"Parmelia saxatilis","Blað- og runnfléttur","R45",17.3,0,0,"Þyrilsnes","35. mynd",2020,0.5,"Utan þynningarsvæðis iðnaðarsvæðisins"
"Parmelia saxatilis","Blað- og runnfléttur","R45",17.3,0,0,"Þyrilsnes","35. mynd",2023,1,"Utan þynningarsvæðis iðnaðarsvæðisins"
"Andreaea rupestris","Mosar","R46",17.3,0,0,"Þyrilsnes","35. mynd",2020,2,"Utan þynningarsvæðis iðnaðarsvæðisins"
"Andreaea rupestris","Mosar","R46",17.3,0,0,"Þyrilsnes","35. mynd",2023,4,"Utan þynningarsvæðis iðnaðarsvæðisins"
"Stereocaulon vesuvianum","Blað- og runnfléttur","R46",17.3,0,0,"Þyrilsnes","35. mynd",2020,7,"Utan þynningarsvæðis iðnaðarsvæðisins"
"Stereocaulon vesuvianum","Blað- og runnfléttur","R46",17.3,0,0,"Þyrilsnes","35. mynd",2023,9,"Utan þynningarsvæðis iðnaðarsvæðisins"
"Umbilicaria torrefacta","Blað- og runnfléttur","R46",17.3,0,0,"Þyrilsnes","35. mynd",2020,10,"Utan þynningarsvæðis iðnaðarsvæðisins"
"Umbilicaria torrefacta","Blað- og runnfléttur","R46",17.3,0,0,"Þyrilsnes","35. mynd",2023,14,"Utan þynningarsvæðis iðnaðarsvæðisins"
"Andreaea rupestris","Mosar","R47",17.3,0,0,"Þyrilsnes","35. mynd",2020,2,"Utan þynningarsvæðis iðnaðarsvæðisins"
"Andreaea rupestris","Mosar","R47",17.3,0,0,"Þyrilsnes","35. mynd",2023,2,"Utan þynningarsvæðis iðnaðarsvæðisins"
"Grimmia","Mosar","R47",17.3,0,0,"Þyrilsnes","35. mynd",2020,0.5,"Utan þynningarsvæðis iðnaðarsvæðisins"
"Grimmia","Mosar","R47",17.3,0,0,"Þyrilsnes","35. mynd",2023,1,"Utan þynningarsvæðis iðnaðarsvæðisins"
"Racomitrium fasciculare","Mosar","R47",17.3,0,0,"Þyrilsnes","35. mynd",2020,0.5,"Utan þynningarsvæðis iðnaðarsvæðisins"
"Racomitrium fasciculare","Mosar","R47",17.3,0,0,"Þyrilsnes","35. mynd",2023,1,"Utan þynningarsvæðis iðnaðarsvæðisins"
"Parmelia saxatilis","Blað- og runnfléttur","R47",17.3,0,0,"Þyrilsnes","35. mynd",2020,5,"Utan þynningarsvæðis iðnaðarsvæðisins"
"Parmelia saxatilis","Blað- og runnfléttur","R47",17.3,0,0,"Þyrilsnes","35. mynd",2023,9,"Utan þynningarsvæðis iðnaðarsvæðisins"
"Stereocaulon vesuvianum","Blað- og runnfléttur","R47",17.3,0,0,"Þyrilsnes","35. mynd",2020,9,"Utan þynningarsvæðis iðnaðarsvæðisins"
"Stereocaulon vesuvianum","Blað- og runnfléttur","R47",17.3,0,0,"Þyrilsnes","35. mynd",2023,9,"Utan þynningarsvæðis iðnaðarsvæðisins"
"Umbilicaria cylindrica","Blað- og runnfléttur","R47",17.3,0,0,"Þyrilsnes","35. mynd",2020,4,"Utan þynningarsvæðis iðnaðarsvæðisins"
"Umbilicaria cylindrica","Blað- og runnfléttur","R47",17.3,0,0,"Þyrilsnes","35. mynd",2023,8,"Utan þynningarsvæðis iðnaðarsvæðisins"
"Umbilicaria torrefacta","Blað- og runnfléttur","R47",17.3,0,0,"Þyrilsnes","35. mynd",2020,2,"Utan þynningarsvæðis iðnaðarsvæðisins"
"Umbilicaria torrefacta","Blað- og runnfléttur","R47",17.3,0,0,"Þyrilsnes","35. mynd",2023,3,"Utan þynningarsvæðis iðnaðarsvæðisins"
"Andreaea rupestris","Mosar","R48",8.1,0,0,"Hvammsnes","29. mynd",2020,0.5,"Utan þynningarsvæðis iðnaðarsvæðisins"
"Andreaea rupestris","Mosar","R48",8.1,0,0,"Hvammsnes","29. mynd",2023,1,"Utan þynningarsvæðis iðnaðarsvæðisins"
"Hypnum cupressiforme","Mosar","R48",8.1,0,0,"Hvammsnes","29. mynd",2020,4,"Utan þynningarsvæðis iðnaðarsvæðisins"
"Hypnum cupressiforme","Mosar","R48",8.1,0,0,"Hvammsnes","29. mynd",2023,6,"Utan þynningarsvæðis iðnaðarsvæðisins"
"Schistidium maritimum","Mosar","R48",8.1,0,0,"Hvammsnes","29. mynd",2020,1,"Utan þynningarsvæðis iðnaðarsvæðisins"
"Schistidium maritimum","Mosar","R48",8.1,0,0,"Hvammsnes","29. mynd",2023,2,"Utan þynningarsvæðis iðnaðarsvæðisins"
"Ulota phyllantha","Mosar","R48",8.1,0,0,"Hvammsnes","29. mynd",2020,9,"Utan þynningarsvæðis iðnaðarsvæðisins"
"Ulota phyllantha","Mosar","R48",8.1,0,0,"Hvammsnes","29. mynd",2023,11,"Utan þynningarsvæðis iðnaðarsvæðisins"
"Parmelia saxatilis","Blað- og runnfléttur","R48",8.1,0,0,"Hvammsnes","29. mynd",2020,50,"Utan þynningarsvæðis iðnaðarsvæðisins"
"Parmelia saxatilis","Blað- og runnfléttur","R48",8.1,0,0,"Hvammsnes","29. mynd",2023,38,"Utan þynningarsvæðis iðnaðarsvæðisins"
"Physcia tenella var. marina","Blað- og runnfléttur","R48",8.1,0,0,"Hvammsnes","29. mynd",2020,0.5,"Utan þynningarsvæðis iðnaðarsvæðisins"
"Andreaea rupestris","Mosar","R49",8.1,0,0,"Hvammsnes","29. mynd",2020,3,"Utan þynningarsvæðis iðnaðarsvæðisins"
"Andreaea rupestris","Mosar","R49",8.1,0,0,"Hvammsnes","29. mynd",2023,4,"Utan þynningarsvæðis iðnaðarsvæðisins"
"Pogonatum urnigerum","Mosar","R49",8.1,0,0,"Hvammsnes","29. mynd",2020,0.5,"Utan þynningarsvæðis iðnaðarsvæðisins"
"Pogonatum urnigerum","Mosar","R49",8.1,0,0,"Hvammsnes","29. mynd",2023,2,"Utan þynningarsvæðis iðnaðarsvæðisins"
"Racomitrium fasciculare","Mosar","R49",8.1,0,0,"Hvammsnes","29. mynd",2020,3,"Utan þynningarsvæðis iðnaðarsvæðisins"
"Racomitrium fasciculare","Mosar","R49",8.1,0,0,"Hvammsnes","29. mynd",2023,3,"Utan þynningarsvæðis iðnaðarsvæðisins"
"Racomitrium lanuginosum","Mosar","R49",8.1,0,0,"Hvammsnes","29. mynd",2020,7,"Utan þynningarsvæðis iðnaðarsvæðisins"
"Racomitrium lanuginosum","Mosar","R49",8.1,0,0,"Hvammsnes","29. mynd",2023,10,"Utan þynningarsvæðis iðnaðarsvæðisins"
"Schistidium flexipile","Mosar","R49",8.1,0,0,"Hvammsnes","29. mynd",2020,0.5,"Utan þynningarsvæðis iðnaðarsvæðisins"
"Schistidium flexipile","Mosar","R49",8.1,0,0,"Hvammsnes","29. mynd",2023,2,"Utan þynningarsvæðis iðnaðarsvæðisins"
"Cetraria muricata","Blað- og runnfléttur","R49",8.1,0,0,"Hvammsnes","29. mynd",2023,0.5,"Utan þynningarsvæðis iðnaðarsvæðisins"
"Cladonia borealis","Blað- og runnfléttur","R49",8.1,0,0,"Hvammsnes","29. mynd",2020,0.5,"Utan þynningarsvæðis iðnaðarsvæðisins"
"Cladonia borealis","Blað- og runnfléttur","R49",8.1,0,0,"Hvammsnes","29. mynd",2023,0.5,"Utan þynningarsvæðis iðnaðarsvæðisins"
"Cladonia cervicornis","Blað- og runnfléttur","R49",8.1,0,0,"Hvammsnes","29. mynd",2020,0.5,"Utan þynningarsvæðis iðnaðarsvæðisins"
"Cladonia cervicornis","Blað- og runnfléttur","R49",8.1,0,0,"Hvammsnes","29. mynd",2023,1,"Utan þynningarsvæðis iðnaðarsvæðisins"
"Cladonia subcervicornis","Blað- og runnfléttur","R49",8.1,0,0,"Hvammsnes","29. mynd",2020,0.5,"Utan þynningarsvæðis iðnaðarsvæðisins"
"Cladonia subcervicornis","Blað- og runnfléttur","R49",8.1,0,0,"Hvammsnes","29. mynd",2023,1,"Utan þynningarsvæðis iðnaðarsvæðisins"
"Cladonia uncialis","Blað- og runnfléttur","R49",8.1,0,0,"Hvammsnes","29. mynd",2020,0.1,"Utan þynningarsvæðis iðnaðarsvæðisins"
"Cladonia uncialis","Blað- og runnfléttur","R49",8.1,0,0,"Hvammsnes","29. mynd",2023,0.5,"Utan þynningarsvæðis iðnaðarsvæðisins"
"Parmelia saxatilis","Blað- og runnfléttur","R49",8.1,0,0,"Hvammsnes","29. mynd",2023,1,"Utan þynningarsvæðis iðnaðarsvæðisins"
"Stereocaulon vesuvianum","Blað- og runnfléttur","R49",8.1,0,0,"Hvammsnes","29. mynd",2020,37,"Utan þynningarsvæðis iðnaðarsvæðisins"
"Stereocaulon vesuvianum","Blað- og runnfléttur","R49",8.1,0,0,"Hvammsnes","29. mynd",2023,38,"Utan þynningarsvæðis iðnaðarsvæðisins"
"Umbilicaria torrefacta","Blað- og runnfléttur","R49",8.1,0,0,"Hvammsnes","29. mynd",2023,0.5,"Utan þynningarsvæðis iðnaðarsvæðisins"
"Schistidium maritimum","Mosar","R50",8.1,0,0,"Hvammsnes","29. mynd",2020,0.5,"Utan þynningarsvæðis iðnaðarsvæðisins"
"Schistidium maritimum","Mosar","R50",8.1,0,0,"Hvammsnes","29. mynd",2023,0.5,"Utan þynningarsvæðis iðnaðarsvæðisins"
"Ulota phyllantha","Mosar","R50",8.1,0,0,"Hvammsnes","29. mynd",2020,0.5,"Utan þynningarsvæðis iðnaðarsvæðisins"
"Ulota phyllantha","Mosar","R50",8.1,0,0,"Hvammsnes","29. mynd",2023,0.5,"Utan þynningarsvæðis iðnaðarsvæðisins"
"Physcia caesia","Blað- og runnfléttur","R50",8.1,0,0,"Hvammsnes","29. mynd",2020,3,"Utan þynningarsvæðis iðnaðarsvæðisins"
"Physcia caesia","Blað- og runnfléttur","R50",8.1,0,0,"Hvammsnes","29. mynd",2023,4,"Utan þynningarsvæðis iðnaðarsvæðisins"
"Physcia tenella var. marina","Blað- og runnfléttur","R50",8.1,0,0,"Hvammsnes","29. mynd",2020,4,"Utan þynningarsvæðis iðnaðarsvæðisins"
"Physcia tenella var. marina","Blað- og runnfléttur","R50",8.1,0,0,"Hvammsnes","29. mynd",2023,5,"Utan þynningarsvæðis iðnaðarsvæðisins"
"Andreaea rupestris","Mosar","R51",3.9,0,0,"Ofan Hvalfjarðareyrar","28. mynd",2020,1,"Utan þynningarsvæðis iðnaðarsvæðisins"
"Frullania tamarisci","Mosar","R51",3.9,0,0,"Ofan Hvalfjarðareyrar","28. mynd",2020,1,"Utan þynningarsvæðis iðnaðarsvæðisins"
"Hypnum cupressiforme","Mosar","R51",3.9,0,0,"Ofan Hvalfjarðareyrar","28. mynd",2020,3,"Utan þynningarsvæðis iðnaðarsvæðisins"
"Racomitrium ericoides","Mosar","R51",3.9,0,0,"Ofan Hvalfjarðareyrar","28. mynd",2020,4,"Utan þynningarsvæðis iðnaðarsvæðisins"
"Racomitrium fasciculare","Mosar","R51",3.9,0,0,"Ofan Hvalfjarðareyrar","28. mynd",2020,8,"Utan þynningarsvæðis iðnaðarsvæðisins"
"Racomitrium lanuginosum","Mosar","R51",3.9,0,0,"Ofan Hvalfjarðareyrar","28. mynd",2020,23,"Utan þynningarsvæðis iðnaðarsvæðisins"
"Cladonia pyxidata","Blað- og runnfléttur","R51",3.9,0,0,"Ofan Hvalfjarðareyrar","28. mynd",2020,0.5,"Utan þynningarsvæðis iðnaðarsvæðisins"
"Parmelia saxatilis","Blað- og runnfléttur","R51",3.9,0,0,"Ofan Hvalfjarðareyrar","28. mynd",2020,5,"Utan þynningarsvæðis iðnaðarsvæðisins"
"Sphaerophorus fragilis","Blað- og runnfléttur","R51",3.9,0,0,"Ofan Hvalfjarðareyrar","28. mynd",2020,0.1,"Utan þynningarsvæðis iðnaðarsvæðisins"
"Stereocaulon vesuvianum","Blað- og runnfléttur","R51",3.9,0,0,"Ofan Hvalfjarðareyrar","28. mynd",2020,0.5,"Utan þynningarsvæðis iðnaðarsvæðisins"
"Umbilicaria cylindrica","Blað- og runnfléttur","R51",3.9,0,0,"Ofan Hvalfjarðareyrar","28. mynd",2020,0.5,"Utan þynningarsvæðis iðnaðarsvæðisins"
"Andreaea rupestris","Mosar","R52",3.9,0,0,"Ofan Hvalfjarðareyrar","28. mynd",2020,6,"Utan þynningarsvæðis iðnaðarsvæðisins"
"Andreaea rupestris","Mosar","R52",3.9,0,0,"Ofan Hvalfjarðareyrar","28. mynd",2023,10,"Utan þynningarsvæðis iðnaðarsvæðisins"
"Racomitrium fasciculare","Mosar","R52",3.9,0,0,"Ofan Hvalfjarðareyrar","28. mynd",2020,8,"Utan þynningarsvæðis iðnaðarsvæðisins"
"Racomitrium fasciculare","Mosar","R52",3.9,0,0,"Ofan Hvalfjarðareyrar","28. mynd",2023,12,"Utan þynningarsvæðis iðnaðarsvæðisins"
"Racomitrium lanuginosum","Mosar","R52",3.9,0,0,"Ofan Hvalfjarðareyrar","28. mynd",2020,22,"Utan þynningarsvæðis iðnaðarsvæðisins"
"Racomitrium lanuginosum","Mosar","R52",3.9,0,0,"Ofan Hvalfjarðareyrar","28. mynd",2023,26,"Utan þynningarsvæðis iðnaðarsvæðisins"
"Mosi 8063-8064","Mosar","R52",3.9,0,0,"Ofan Hvalfjarðareyrar","28. mynd",2023,1,"Utan þynningarsvæðis iðnaðarsvæðisins"
"Cladonia borealis","Blað- og runnfléttur","R52",3.9,0,0,"Ofan Hvalfjarðareyrar","28. mynd",2020,0.5,"Utan þynningarsvæðis iðnaðarsvæðisins"
"Cladonia borealis","Blað- og runnfléttur","R52",3.9,0,0,"Ofan Hvalfjarðareyrar","28. mynd",2023,0.5,"Utan þynningarsvæðis iðnaðarsvæðisins"
"Parmelia saxatilis","Blað- og runnfléttur","R52",3.9,0,0,"Ofan Hvalfjarðareyrar","28. mynd",2020,0.5,"Utan þynningarsvæðis iðnaðarsvæðisins"
"Parmelia saxatilis","Blað- og runnfléttur","R52",3.9,0,0,"Ofan Hvalfjarðareyrar","28. mynd",2023,2,"Utan þynningarsvæðis iðnaðarsvæðisins"
"Stereocaulon vesuvianum","Blað- og runnfléttur","R52",3.9,0,0,"Ofan Hvalfjarðareyrar","28. mynd",2020,1,"Utan þynningarsvæðis iðnaðarsvæðisins"
"Stereocaulon vesuvianum","Blað- og runnfléttur","R52",3.9,0,0,"Ofan Hvalfjarðareyrar","28. mynd",2023,2,"Utan þynningarsvæðis iðnaðarsvæðisins"
"Umbilicaria cylindrica","Blað- og runnfléttur","R52",3.9,0,0,"Ofan Hvalfjarðareyrar","28. mynd",2023,4,"Utan þynningarsvæðis iðnaðarsvæðisins"
"Umbilicaria proboscidea","Blað- og runnfléttur","R52",3.9,0,0,"Ofan Hvalfjarðareyrar","28. mynd",2020,2,"Utan þynningarsvæðis iðnaðarsvæðisins"
"Umbilicaria proboscidea","Blað- og runnfléttur","R52",3.9,0,0,"Ofan Hvalfjarðareyrar","28. mynd",2023,3,"Utan þynningarsvæðis iðnaðarsvæðisins"
"Andreaea rupestris","Mosar","R56",2.3,0,1,"Akrafjall","13. mynd",2020,0.5,"Innan þynningarsvæðis brennisteins"
"Andreaea rupestris","Mosar","R56",2.3,0,1,"Akrafjall","13. mynd",2023,1,"Innan þynningarsvæðis brennisteins"
"Grimmia donniana","Mosar","R56",2.3,0,1,"Akrafjall","13. mynd",2020,3,"Innan þynningarsvæðis brennisteins"
"Grimmia donniana","Mosar","R56",2.3,0,1,"Akrafjall","13. mynd",2023,2,"Innan þynningarsvæðis brennisteins"
"Parmelia saxatilis","Blað- og runnfléttur","R56",2.3,0,1,"Akrafjall","13. mynd",2020,8,"Innan þynningarsvæðis brennisteins"
"Parmelia saxatilis","Blað- og runnfléttur","R56",2.3,0,1,"Akrafjall","13. mynd",2023,7,"Innan þynningarsvæðis brennisteins"
"Ramalina subfarinacea","Blað- og runnfléttur","R56",2.3,0,1,"Akrafjall","13. mynd",2020,3,"Innan þynningarsvæðis brennisteins"
"Ramalina subfarinacea","Blað- og runnfléttur","R56",2.3,0,1,"Akrafjall","13. mynd",2023,8,"Innan þynningarsvæðis brennisteins"
"Umbilicaria torrefacta","Blað- og runnfléttur","R56",2.3,0,1,"Akrafjall","13. mynd",2023,0.1,"Innan þynningarsvæðis brennisteins"
"Andreaea rupestris","Mosar","R57",,,,,,2023,3,"Utan þynningarsvæðis iðnaðarsvæðisins"
"Stereocaulon depressum","Blað- og runnfléttur","R57",,,,,,2023,1,"Utan þynningarsvæðis iðnaðarsvæðisins"
"Stereocaulon vesuvianum","Blað- og runnfléttur","R57",,,,,,2023,2,"Utan þynningarsvæðis iðnaðarsvæðisins"
"Umbilicaria torrefacta","Blað- og runnfléttur","R57",,,,,,2023,13,"Utan þynningarsvæðis iðnaðarsvæðisins"
"Andreaea rupestris","Mosar","R60",2.4,0,1,"Akrafjall","13. mynd",2023,0.1,"Innan þynningarsvæðis brennisteins"
"Melanelixia subaurifera","Blað- og runnfléttur","R60",2.4,0,1,"Akrafjall","13. mynd",2020,2,"Innan þynningarsvæðis brennisteins"
"Melanelixia subaurifera","Blað- og runnfléttur","R60",2.4,0,1,"Akrafjall","13. mynd",2023,2,"Innan þynningarsvæðis brennisteins"
"Parmelia saxatilis","Blað- og runnfléttur","R60",2.4,0,1,"Akrafjall","13. mynd",2020,7,"Innan þynningarsvæðis brennisteins"
"Parmelia saxatilis","Blað- og runnfléttur","R60",2.4,0,1,"Akrafjall","13. mynd",2023,9,"Innan þynningarsvæðis brennisteins"
"Ramalina subfarinacea","Blað- og runnfléttur","R60",2.4,0,1,"Akrafjall","13. mynd",2020,1,"Innan þynningarsvæðis brennisteins"
"Ramalina subfarinacea","Blað- og runnfléttur","R60",2.4,0,1,"Akrafjall","13. mynd",2023,2,"Innan þynningarsvæðis brennisteins"
"Andreaea rupestris","Mosar","R63",3.2,0,0,"Kalastaðakot","21. mynd",2020,3,"Utan þynningarsvæðis iðnaðarsvæðisins"
"Andreaea rupestris","Mosar","R63",3.2,0,0,"Kalastaðakot","21. mynd",2023,4,"Utan þynningarsvæðis iðnaðarsvæðisins"
"Grimmia sp.","Mosar","R63",3.2,0,0,"Kalastaðakot","21. mynd",2020,2,"Utan þynningarsvæðis iðnaðarsvæðisins"
"Grimmia sp.","Mosar","R63",3.2,0,0,"Kalastaðakot","21. mynd",2023,2,"Utan þynningarsvæðis iðnaðarsvæðisins"
"Racomitrium sudeticum","Mosar","R63",3.2,0,0,"Kalastaðakot","21. mynd",2023,3,"Utan þynningarsvæðis iðnaðarsvæðisins"
"mosi","Mosar","R63",3.2,0,0,"Kalastaðakot","21. mynd",2020,1,"Utan þynningarsvæðis iðnaðarsvæðisins"
"mosi","Mosar","R63",3.2,0,0,"Kalastaðakot","21. mynd",2023,1,"Utan þynningarsvæðis iðnaðarsvæðisins"
"Physcia sp","Blað- og runnfléttur","R63",3.2,0,0,"Kalastaðakot","21. mynd",2023,6,"Utan þynningarsvæðis iðnaðarsvæðisins"
"Andreaea rupestris","Mosar","R64",3.2,0,0,"Kalastaðakot","21. mynd",2020,0.1,"Utan þynningarsvæðis iðnaðarsvæðisins"
"Andreaea rupestris","Mosar","R64",3.2,0,0,"Kalastaðakot","21. mynd",2023,0.5,"Utan þynningarsvæðis iðnaðarsvæðisins"
"Hypnum cupressiforme","Mosar","R64",3.2,0,0,"Kalastaðakot","21. mynd",2020,2,"Utan þynningarsvæðis iðnaðarsvæðisins"
"Hypnum cupressiforme","Mosar","R64",3.2,0,0,"Kalastaðakot","21. mynd",2023,2,"Utan þynningarsvæðis iðnaðarsvæðisins"
"mosi (sami og í 63) Grimmia?","Mosar","R64",3.2,0,0,"Kalastaðakot","21. mynd",2020,0.5,"Utan þynningarsvæðis iðnaðarsvæðisins"
"mosi (sami og í 63) Grimmia?","Mosar","R64",3.2,0,0,"Kalastaðakot","21. mynd",2023,0.5,"Utan þynningarsvæðis iðnaðarsvæðisins"
"Physcia dubia","Blað- og runnfléttur","R64",3.2,0,0,"Kalastaðakot","21. mynd",2020,9,"Utan þynningarsvæðis iðnaðarsvæðisins"
"Parmelia saxatilis","Blað- og runnfléttur","R64",3.2,0,0,"Kalastaðakot","21. mynd",2020,1,"Utan þynningarsvæðis iðnaðarsvæðisins"
"Parmelia saxatilis","Blað- og runnfléttur","R64",3.2,0,0,"Kalastaðakot","21. mynd",2023,1,"Utan þynningarsvæðis iðnaðarsvæðisins"
"Physcia dubia","Blað- og runnfléttur","R65",3.2,0,0,"Kalastaðakot","21. mynd",2023,17,"Utan þynningarsvæðis iðnaðarsvæðisins"
"Xanthoria candelaria","Blað- og runnfléttur","R65",3.2,0,0,"Kalastaðakot","21. mynd",2023,15,"Utan þynningarsvæðis iðnaðarsvæðisins"
"Andreaea rupestris","Mosar","R66",5,0,0,"Miðfellsmúli","22. mynd",2020,2,"Utan þynningarsvæðis iðnaðarsvæðisins"
"Andreaea rupestris","Mosar","R66",5,0,0,"Miðfellsmúli","22. mynd",2023,4,"Utan þynningarsvæðis iðnaðarsvæðisins"
"Grimmia","Mosar","R66",5,0,0,"Miðfellsmúli","22. mynd",2020,1,"Utan þynningarsvæðis iðnaðarsvæðisins"
"Grimmia","Mosar","R66",5,0,0,"Miðfellsmúli","22. mynd",2023,2,"Utan þynningarsvæðis iðnaðarsvæðisins"
"Racomitrium fasciculare","Mosar","R66",5,0,0,"Miðfellsmúli","22. mynd",2020,5,"Utan þynningarsvæðis iðnaðarsvæðisins"
"Racomitrium fasciculare","Mosar","R66",5,0,0,"Miðfellsmúli","22. mynd",2023,7,"Utan þynningarsvæðis iðnaðarsvæðisins"
"Umbilicaria proboscidea","Blað- og runnfléttur","R66",5,0,0,"Miðfellsmúli","22. mynd",2020,11,"Utan þynningarsvæðis iðnaðarsvæðisins"
"Umbilicaria proboscidea","Blað- og runnfléttur","R66",5,0,0,"Miðfellsmúli","22. mynd",2023,23,"Utan þynningarsvæðis iðnaðarsvæðisins"
"Andreae","Mosar","R67",5,0,0,"Miðfellsmúli","22. mynd",2020,0.1,"Utan þynningarsvæðis iðnaðarsvæðisins"
"Grimmia","Mosar","R67",5,0,0,"Miðfellsmúli","22. mynd",2020,1,"Utan þynningarsvæðis iðnaðarsvæðisins"
"Grimmia","Mosar","R67",5,0,0,"Miðfellsmúli","22. mynd",2023,1,"Utan þynningarsvæðis iðnaðarsvæðisins"
"Racomitrium fasciculare","Mosar","R67",5,0,0,"Miðfellsmúli","22. mynd",2020,1,"Utan þynningarsvæðis iðnaðarsvæðisins"
"Racomitrium fasciculare","Mosar","R67",5,0,0,"Miðfellsmúli","22. mynd",2023,1,"Utan þynningarsvæðis iðnaðarsvæðisins"
"Parmelia saxatilis","Blað- og runnfléttur","R67",5,0,0,"Miðfellsmúli","22. mynd",2020,23,"Utan þynningarsvæðis iðnaðarsvæðisins"
"Parmelia saxatilis","Blað- og runnfléttur","R67",5,0,0,"Miðfellsmúli","22. mynd",2023,33,"Utan þynningarsvæðis iðnaðarsvæðisins"
"Umbilicaria torrefacta","Blað- og runnfléttur","R67",5,0,0,"Miðfellsmúli","22. mynd",2023,0.5,"Utan þynningarsvæðis iðnaðarsvæðisins"
"Andreaea rupestris","Mosar","R68",5,0,0,"Miðfellsmúli","22. mynd",2020,0.5,"Utan þynningarsvæðis iðnaðarsvæðisins"
"Andreaea rupestris","Mosar","R68",5,0,0,"Miðfellsmúli","22. mynd",2023,0.5,"Utan þynningarsvæðis iðnaðarsvæðisins"
"Grimmia","Mosar","R68",5,0,0,"Miðfellsmúli","22. mynd",2020,3,"Utan þynningarsvæðis iðnaðarsvæðisins"
"Grimmia","Mosar","R68",5,0,0,"Miðfellsmúli","22. mynd",2023,4,"Utan þynningarsvæðis iðnaðarsvæðisins"
"Umbilicaria torrefacta","Blað- og runnfléttur","R68",5,0,0,"Miðfellsmúli","22. mynd",2020,15,"Utan þynningarsvæðis iðnaðarsvæðisins"
"Umbilicaria torrefacta","Blað- og runnfléttur","R68",5,0,0,"Miðfellsmúli","22. mynd",2023,24,"Utan þynningarsvæðis iðnaðarsvæðisins"
"Andreaea rupestris","Mosar","R69",5,0,0,"Gimbrapallar","32. mynd",2020,3,"Utan þynningarsvæðis iðnaðarsvæðisins"
"Andreaea rupestris","Mosar","R69",5,0,0,"Gimbrapallar","32. mynd",2023,3,"Utan þynningarsvæðis iðnaðarsvæðisins"
"Pogonatum urnigerum","Mosar","R69",5,0,0,"Gimbrapallar","32. mynd",2023,0.01,"Utan þynningarsvæðis iðnaðarsvæðisins"
"Racomitrium fasciculare","Mosar","R69",5,0,0,"Gimbrapallar","32. mynd",2020,15,"Utan þynningarsvæðis iðnaðarsvæðisins"
"Racomitrium fasciculare","Mosar","R69",5,0,0,"Gimbrapallar","32. mynd",2023,16,"Utan þynningarsvæðis iðnaðarsvæðisins"
"Racomitrium lanuginosum","Mosar","R69",5,0,0,"Gimbrapallar","32. mynd",2020,0.5,"Utan þynningarsvæðis iðnaðarsvæðisins"
"Racomitrium lanuginosum","Mosar","R69",5,0,0,"Gimbrapallar","32. mynd",2023,1,"Utan þynningarsvæðis iðnaðarsvæðisins"
"Baeomyces rufus","Blað- og runnfléttur","R69",5,0,0,"Gimbrapallar","32. mynd",2023,0.5,"Utan þynningarsvæðis iðnaðarsvæðisins"
"Cladonia chlorophaea","Blað- og runnfléttur","R69",5,0,0,"Gimbrapallar","32. mynd",2023,0.1,"Utan þynningarsvæðis iðnaðarsvæðisins"
"Parmelia saxatilis","Blað- og runnfléttur","R69",5,0,0,"Gimbrapallar","32. mynd",2020,16,"Utan þynningarsvæðis iðnaðarsvæðisins"
"Parmelia saxatilis","Blað- og runnfléttur","R69",5,0,0,"Gimbrapallar","32. mynd",2023,14,"Utan þynningarsvæðis iðnaðarsvæðisins"
"Umbilicaria torrefacta","Blað- og runnfléttur","R69",5,0,0,"Gimbrapallar","32. mynd",2020,0.5,"Utan þynningarsvæðis iðnaðarsvæðisins"
"Umbilicaria torrefacta","Blað- og runnfléttur","R69",5,0,0,"Gimbrapallar","32. mynd",2023,1,"Utan þynningarsvæðis iðnaðarsvæðisins"
"Umbilicaria proboscidea","Blað- og runnfléttur","R69",5,0,0,"Gimbrapallar","32. mynd",2020,0.5,"Utan þynningarsvæðis iðnaðarsvæðisins"
"Umbilicaria proboscidea","Blað- og runnfléttur","R69",5,0,0,"Gimbrapallar","32. mynd",2023,1,"Utan þynningarsvæðis iðnaðarsvæðisins"
"Andreaea rupestris","Mosar","R70",5,0,0,"Gimbrapallar","32. mynd",2020,10,"Utan þynningarsvæðis iðnaðarsvæðisins"
"Andreaea rupestris","Mosar","R70",5,0,0,"Gimbrapallar","32. mynd",2023,9,"Utan þynningarsvæðis iðnaðarsvæðisins"
"Racomitrium fasciculare","Mosar","R70",5,0,0,"Gimbrapallar","32. mynd",2020,4,"Utan þynningarsvæðis iðnaðarsvæðisins"
"Racomitrium fasciculare","Mosar","R70",5,0,0,"Gimbrapallar","32. mynd",2023,4,"Utan þynningarsvæðis iðnaðarsvæðisins"
"Racomitrium heterostichum","Mosar","R70",5,0,0,"Gimbrapallar","32. mynd",2020,1,"Utan þynningarsvæðis iðnaðarsvæðisins"
"Racomitrium heterostichum","Mosar","R70",5,0,0,"Gimbrapallar","32. mynd",2023,0.5,"Utan þynningarsvæðis iðnaðarsvæðisins"
"Parmelia saxatilis","Blað- og runnfléttur","R70",5,0,0,"Gimbrapallar","32. mynd",2020,4,"Utan þynningarsvæðis iðnaðarsvæðisins"
"Parmelia saxatilis","Blað- og runnfléttur","R70",5,0,0,"Gimbrapallar","32. mynd",2023,3,"Utan þynningarsvæðis iðnaðarsvæðisins"
"Stereocaulon vesuvianum","Blað- og runnfléttur","R70",5,0,0,"Gimbrapallar","32. mynd",2020,15,"Utan þynningarsvæðis iðnaðarsvæðisins"
"Stereocaulon vesuvianum","Blað- og runnfléttur","R70",5,0,0,"Gimbrapallar","32. mynd",2023,8,"Utan þynningarsvæðis iðnaðarsvæðisins"
"Andreaea rupestris","Mosar","R71",5,0,0,"Gimbrapallar","32. mynd",2020,11,"Utan þynningarsvæðis iðnaðarsvæðisins"
"Andreaea rupestris","Mosar","R71",5,0,0,"Gimbrapallar","32. mynd",2023,18,"Utan þynningarsvæðis iðnaðarsvæðisins"
"Pogonatum urnigerum","Mosar","R71",5,0,0,"Gimbrapallar","32. mynd",2020,0.5,"Utan þynningarsvæðis iðnaðarsvæðisins"
"Pogonatum urnigerum","Mosar","R71",5,0,0,"Gimbrapallar","32. mynd",2023,0.5,"Utan þynningarsvæðis iðnaðarsvæðisins"
"Racomitrium fasciculare","Mosar","R71",5,0,0,"Gimbrapallar","32. mynd",2020,5,"Utan þynningarsvæðis iðnaðarsvæðisins"
"Racomitrium fasciculare","Mosar","R71",5,0,0,"Gimbrapallar","32. mynd",2023,6,"Utan þynningarsvæðis iðnaðarsvæðisins"
"Racomitrium lanuginosum","Mosar","R71",5,0,0,"Gimbrapallar","32. mynd",2020,5,"Utan þynningarsvæðis iðnaðarsvæðisins"
"Racomitrium lanuginosum","Mosar","R71",5,0,0,"Gimbrapallar","32. mynd",2023,3,"Utan þynningarsvæðis iðnaðarsvæðisins"
"Cladonia borealis","Blað- og runnfléttur","R71",5,0,0,"Gimbrapallar","32. mynd",2020,0.01,"Utan þynningarsvæðis iðnaðarsvæðisins"
"Cladonia borealis","Blað- og runnfléttur","R71",5,0,0,"Gimbrapallar","32. mynd",2023,1,"Utan þynningarsvæðis iðnaðarsvæðisins"
"Cladonia chlorophaea","Blað- og runnfléttur","R71",5,0,0,"Gimbrapallar","32. mynd",2020,0.1,"Utan þynningarsvæðis iðnaðarsvæðisins"
"Cladonia sp.","Blað- og runnfléttur","R71",5,0,0,"Gimbrapallar","32. mynd",2020,0.5,"Utan þynningarsvæðis iðnaðarsvæðisins"
"Stereocaulon vesuvianum","Blað- og runnfléttur","R71",5,0,0,"Gimbrapallar","32. mynd",2020,20,"Utan þynningarsvæðis iðnaðarsvæðisins"
"Stereocaulon vesuvianum","Blað- og runnfléttur","R71",5,0,0,"Gimbrapallar","32. mynd",2023,28,"Utan þynningarsvæðis iðnaðarsvæðisins"
"Andreaea rupestris","Mosar","R72",4,0,0,"Ofan við Gröf","16. mynd",2023,5,"Utan þynningarsvæðis iðnaðarsvæðisins"
"Grimmia","Mosar","R72",4,0,0,"Ofan við Gröf","16. mynd",2020,4,"Utan þynningarsvæðis iðnaðarsvæðisins"
"Grimmia","Mosar","R72",4,0,0,"Ofan við Gröf","16. mynd",2023,3,"Utan þynningarsvæðis iðnaðarsvæðisins"
"Pogonatum urnigerum","Mosar","R72",4,0,0,"Ofan við Gröf","16. mynd",2020,0.5,"Utan þynningarsvæðis iðnaðarsvæðisins"
"Pogonatum urnigerum","Mosar","R72",4,0,0,"Ofan við Gröf","16. mynd",2023,0.5,"Utan þynningarsvæðis iðnaðarsvæðisins"
"Racomitrium fasciculare","Mosar","R72",4,0,0,"Ofan við Gröf","16. mynd",2020,2,"Utan þynningarsvæðis iðnaðarsvæðisins"
"Racomitrium fasciculare","Mosar","R72",4,0,0,"Ofan við Gröf","16. mynd",2023,5,"Utan þynningarsvæðis iðnaðarsvæðisins"
"Mosi 1 (sami og í 76 og 77)","Mosar","R72",4,0,0,"Ofan við Gröf","16. mynd",2020,3,"Utan þynningarsvæðis iðnaðarsvæðisins"
"Mosi 2 (sami og í 77)","Mosar","R72",4,0,0,"Ofan við Gröf","16. mynd",2020,1,"Utan þynningarsvæðis iðnaðarsvæðisins"
"Parmelia omphalodes","Blað- og runnfléttur","R72",4,0,0,"Ofan við Gröf","16. mynd",2020,20,"Utan þynningarsvæðis iðnaðarsvæðisins"
"Parmelia omphalodes","Blað- og runnfléttur","R72",4,0,0,"Ofan við Gröf","16. mynd",2023,13,"Utan þynningarsvæðis iðnaðarsvæðisins"
"Parmelia saxatilis","Blað- og runnfléttur","R72",4,0,0,"Ofan við Gröf","16. mynd",2020,2,"Utan þynningarsvæðis iðnaðarsvæðisins"
"Parmelia saxatilis","Blað- og runnfléttur","R72",4,0,0,"Ofan við Gröf","16. mynd",2023,2,"Utan þynningarsvæðis iðnaðarsvæðisins"
"Stereocaulon vesuvianum","Blað- og runnfléttur","R72",4,0,0,"Ofan við Gröf","16. mynd",2020,2,"Utan þynningarsvæðis iðnaðarsvæðisins"
"Stereocaulon vesuvianum","Blað- og runnfléttur","R72",4,0,0,"Ofan við Gröf","16. mynd",2023,1,"Utan þynningarsvæðis iðnaðarsvæðisins"
"Andreaea rupestris","Mosar","R73",4,0,0,"Ofan við Gröf","16. mynd",2020,7,"Utan þynningarsvæðis iðnaðarsvæðisins"
"Andreaea rupestris","Mosar","R73",4,0,0,"Ofan við Gröf","16. mynd",2023,7,"Utan þynningarsvæðis iðnaðarsvæðisins"
"Racomitrium fasciculare","Mosar","R73",4,0,0,"Ofan við Gröf","16. mynd",2020,0.5,"Utan þynningarsvæðis iðnaðarsvæðisins"
"Racomitrium fasciculare","Mosar","R73",4,0,0,"Ofan við Gröf","16. mynd",2023,5,"Utan þynningarsvæðis iðnaðarsvæðisins"
"Mosi 2 (sami og í 72 og 77)","Mosar","R73",4,0,0,"Ofan við Gröf","16. mynd",2020,2,"Utan þynningarsvæðis iðnaðarsvæðisins"
"Mosi 2 (sami og í 72 og 77)","Mosar","R73",4,0,0,"Ofan við Gröf","16. mynd",2023,1,"Utan þynningarsvæðis iðnaðarsvæðisins"
"Parmelia saxatilis","Blað- og runnfléttur","R73",4,0,0,"Ofan við Gröf","16. mynd",2020,10,"Utan þynningarsvæðis iðnaðarsvæðisins"
"Parmelia saxatilis","Blað- og runnfléttur","R73",4,0,0,"Ofan við Gröf","16. mynd",2023,14,"Utan þynningarsvæðis iðnaðarsvæðisins"
"Physcia tenella","Blað- og runnfléttur","R73",4,0,0,"Ofan við Gröf","16. mynd",2020,0.5,"Utan þynningarsvæðis iðnaðarsvæðisins"
"Physcia tenella","Blað- og runnfléttur","R73",4,0,0,"Ofan við Gröf","16. mynd",2023,0.1,"Utan þynningarsvæðis iðnaðarsvæðisins"
"Andreaea rupestris","Mosar","R74",4,0,0,"Ofan við Gröf","16. mynd",2020,7,"Utan þynningarsvæðis iðnaðarsvæðisins"
"Andreaea rupestris","Mosar","R74",4,0,0,"Ofan við Gröf","16. mynd",2023,2,"Utan þynningarsvæðis iðnaðarsvæðisins"
"Racomitrium fasciculare","Mosar","R74",4,0,0,"Ofan við Gröf","16. mynd",2020,1,"Utan þynningarsvæðis iðnaðarsvæðisins"
"Racomitrium fasciculare","Mosar","R74",4,0,0,"Ofan við Gröf","16. mynd",2023,1,"Utan þynningarsvæðis iðnaðarsvæðisins"
"Racomtrium mosi 1 (eins og í 77)","Mosar","R74",4,0,0,"Ofan við Gröf","16. mynd",2020,0.5,"Utan þynningarsvæðis iðnaðarsvæðisins"
"Racomtrium mosi 1 (eins og í 77)","Mosar","R74",4,0,0,"Ofan við Gröf","16. mynd",2023,0.5,"Utan þynningarsvæðis iðnaðarsvæðisins"
"Mosi 2 (eins og í 77)","Mosar","R74",4,0,0,"Ofan við Gröf","16. mynd",2020,1,"Utan þynningarsvæðis iðnaðarsvæðisins"
"Mosi 2 (eins og í 77)","Mosar","R74",4,0,0,"Ofan við Gröf","16. mynd",2023,2,"Utan þynningarsvæðis iðnaðarsvæðisins"
"Umbilicaria proboscidea","Blað- og runnfléttur","R74",4,0,0,"Ofan við Gröf","16. mynd",2020,13,"Utan þynningarsvæðis iðnaðarsvæðisins"
"Umbilicaria torrefacta","Blað- og runnfléttur","R74",4,0,0,"Ofan við Gröf","16. mynd",2020,1,"Utan þynningarsvæðis iðnaðarsvæðisins"
"Andreaea rupestris","Mosar","R75",7.4,0,0,"Neðristallar","18. mynd",2020,2,"Utan þynningarsvæðis iðnaðarsvæðisins"
"Andreaea rupestris","Mosar","R75",7.4,0,0,"Neðristallar","18. mynd",2023,0.5,"Utan þynningarsvæðis iðnaðarsvæðisins"
"Mosi 1 Tortula?","Mosar","R75",7.4,0,0,"Neðristallar","18. mynd",2020,1,"Utan þynningarsvæðis iðnaðarsvæðisins"
"Mosi 1 Tortula?","Mosar","R75",7.4,0,0,"Neðristallar","18. mynd",2023,1,"Utan þynningarsvæðis iðnaðarsvæðisins"
"Physcia caesia","Blað- og runnfléttur","R75",7.4,0,0,"Neðristallar","18. mynd",2020,3,"Utan þynningarsvæðis iðnaðarsvæðisins"
"Physcia caesia","Blað- og runnfléttur","R75",7.4,0,0,"Neðristallar","18. mynd",2023,3,"Utan þynningarsvæðis iðnaðarsvæðisins"
"Rusavskia elegans","Blað- og runnfléttur","R75",7.4,0,0,"Neðristallar","18. mynd",2020,0.01,"Utan þynningarsvæðis iðnaðarsvæðisins"
"Rusavskia elegans","Blað- og runnfléttur","R75",7.4,0,0,"Neðristallar","18. mynd",2023,0.01,"Utan þynningarsvæðis iðnaðarsvæðisins"
"Andreaea rupestris","Mosar","R76",7.4,0,0,"Neðristallar","18. mynd",2020,2,"Utan þynningarsvæðis iðnaðarsvæðisins"
"Andreaea rupestris","Mosar","R76",7.4,0,0,"Neðristallar","18. mynd",2023,2,"Utan þynningarsvæðis iðnaðarsvæðisins"
"Arabidopsis petraea","Mosar","R76",7.4,0,0,"Neðristallar","18. mynd",2023,1,"Utan þynningarsvæðis iðnaðarsvæðisins"
"Mosi 1","Mosar","R76",7.4,0,0,"Neðristallar","18. mynd",2020,2,"Utan þynningarsvæðis iðnaðarsvæðisins"
"Mosi 1","Mosar","R76",7.4,0,0,"Neðristallar","18. mynd",2023,2,"Utan þynningarsvæðis iðnaðarsvæðisins"
"Mosi","Mosar","R76",7.4,0,0,"Neðristallar","18. mynd",2020,2,"Utan þynningarsvæðis iðnaðarsvæðisins"
"Mosi","Mosar","R76",7.4,0,0,"Neðristallar","18. mynd",2023,1,"Utan þynningarsvæðis iðnaðarsvæðisins"
"Stereocaulon vesuvianum","Blað- og runnfléttur","R76",7.4,0,0,"Neðristallar","18. mynd",2020,3,"Utan þynningarsvæðis iðnaðarsvæðisins"
"Stereocaulon vesuvianum","Blað- og runnfléttur","R76",7.4,0,0,"Neðristallar","18. mynd",2023,4,"Utan þynningarsvæðis iðnaðarsvæðisins"
"Umbilicaria cylindrica","Blað- og runnfléttur","R76",7.4,0,0,"Neðristallar","18. mynd",2020,1,"Utan þynningarsvæðis iðnaðarsvæðisins"
"Umbilicaria cylindrica","Blað- og runnfléttur","R76",7.4,0,0,"Neðristallar","18. mynd",2023,3,"Utan þynningarsvæðis iðnaðarsvæðisins"
"Umbilicaria proboscidea","Blað- og runnfléttur","R76",7.4,0,0,"Neðristallar","18. mynd",2023,1,"Utan þynningarsvæðis iðnaðarsvæðisins"
"Umbilicaria torrefacta","Blað- og runnfléttur","R76",7.4,0,0,"Neðristallar","18. mynd",2020,2,"Utan þynningarsvæðis iðnaðarsvæðisins"
"Umbilicaria torrefacta","Blað- og runnfléttur","R76",7.4,0,0,"Neðristallar","18. mynd",2023,1,"Utan þynningarsvæðis iðnaðarsvæðisins"
"Andreaea rupestris","Mosar","R77",7.4,0,0,"Neðristallar","18. mynd",2020,16,"Utan þynningarsvæðis iðnaðarsvæðisins"
"Andreaea rupestris","Mosar","R77",7.4,0,0,"Neðristallar","18. mynd",2023,22,"Utan þynningarsvæðis iðnaðarsvæðisins"
"Racomitrium fasciculare","Mosar","R77",7.4,0,0,"Neðristallar","18. mynd",2020,3,"Utan þynningarsvæðis iðnaðarsvæðisins"
"Racomitrium fasciculare","Mosar","R77",7.4,0,0,"Neðristallar","18. mynd",2023,3,"Utan þynningarsvæðis iðnaðarsvæðisins"
"Racomitrium sudeticum","Mosar","R77",7.4,0,0,"Neðristallar","18. mynd",2020,3,"Utan þynningarsvæðis iðnaðarsvæðisins"
"Racomitrium sudeticum","Mosar","R77",7.4,0,0,"Neðristallar","18. mynd",2023,6,"Utan þynningarsvæðis iðnaðarsvæðisins"
"Racomitrium lanuginosum","Mosar","R77",7.4,0,0,"Neðristallar","18. mynd",2020,1,"Utan þynningarsvæðis iðnaðarsvæðisins"
"Racomitrium lanuginosum","Mosar","R77",7.4,0,0,"Neðristallar","18. mynd",2023,1,"Utan þynningarsvæðis iðnaðarsvæðisins"
"Grimmia mosi 1(sami og í 76)","Mosar","R77",7.4,0,0,"Neðristallar","18. mynd",2020,2,"Utan þynningarsvæðis iðnaðarsvæðisins"
"Grimmia mosi 1(sami og í 76)","Mosar","R77",7.4,0,0,"Neðristallar","18. mynd",2023,1,"Utan þynningarsvæðis iðnaðarsvæðisins"
"Mosi 3 (í horni)","Mosar","R77",7.4,0,0,"Neðristallar","18. mynd",2020,0.3,"Utan þynningarsvæðis iðnaðarsvæðisins"
"Cladonia pyxidata","Blað- og runnfléttur","R77",7.4,0,0,"Neðristallar","18. mynd",2020,1,"Utan þynningarsvæðis iðnaðarsvæðisins"
"Cladonia pyxidata","Blað- og runnfléttur","R77",7.4,0,0,"Neðristallar","18. mynd",2023,2,"Utan þynningarsvæðis iðnaðarsvæðisins"
"Parmelia ompholodes","Blað- og runnfléttur","R77",7.4,0,0,"Neðristallar","18. mynd",2020,3,"Utan þynningarsvæðis iðnaðarsvæðisins"
"Parmelia ompholodes","Blað- og runnfléttur","R77",7.4,0,0,"Neðristallar","18. mynd",2023,3,"Utan þynningarsvæðis iðnaðarsvæðisins"
"Sphaerophorus fragilis","Blað- og runnfléttur","R77",7.4,0,0,"Neðristallar","18. mynd",2020,11,"Utan þynningarsvæðis iðnaðarsvæðisins"
"Sphaerophorus fragilis","Blað- og runnfléttur","R77",7.4,0,0,"Neðristallar","18. mynd",2023,8,"Utan þynningarsvæðis iðnaðarsvæðisins"
"Stereocaulon vesuvianum","Blað- og runnfléttur","R77",7.4,0,0,"Neðristallar","18. mynd",2020,0.5,"Utan þynningarsvæðis iðnaðarsvæðisins"
"Stereocaulon vesuvianum","Blað- og runnfléttur","R77",7.4,0,0,"Neðristallar","18. mynd",2023,0.5,"Utan þynningarsvæðis iðnaðarsvæðisins"
"Umbilicaria torrefacta","Blað- og runnfléttur","R77",7.4,0,0,"Neðristallar","18. mynd",2020,0.5,"Utan þynningarsvæðis iðnaðarsvæðisins"
"Umbilicaria torrefacta","Blað- og runnfléttur","R77",7.4,0,0,"Neðristallar","18. mynd",2023,0.5,"Utan þynningarsvæðis iðnaðarsvæðisins"
